title,price,img_src,link,author,publisher,intro
에냐도르의 전설,"13,320원(-10%)",https://bookthumb-phinf.pstatic.net/cover/163/001/16300101.jpg?type=m1&udate=Tue Apr 14 00:49:00 KST 2020,http://book.naver.com/search/search.nhn?query=%EB%AF%B8%EB%9D%BC+%EB%B0%9C%EB%A0%8C%ED%8B%B4&frameFilterType=1&frameFilterValue=4660451, 미라 발렌틴,사일런스북,"-네 종족 젊은이들의 거침없는 모험담네 종족의 왕자
서로 다른 야망
하나의 운명

수 세기 동안 엘프, 드래곤 그리고 데몬은 에냐도르의 권력을 얻기 위해 싸워왔다. 인간은 일찌감치 엘프에 복속되어 노예로 살았다. 장남으로 태어난 인간은 엘프에게 징발당해 드래곤과의 전쟁터로 끌려갔다. 죽음이라는 예외 없는 결과에 인간 청년들은 좌절했다. 그러나 고아로 자란 트리스탄은 잔혹한 엘프에 맞서 저항했다. 학대와 탄압에 절대 굴하지 않는 트리스탄의 패기와 열정은 흥미진진한 모험으로 이어지고…"
소설 예수 2,"14,220원(-10%)",https://bookthumb-phinf.pstatic.net/cover/163/209/16320978.jpg?type=m1&udate=Tue Apr 14 00:49:00 KST 2020,http://book.naver.com/search/search.nhn?query=%EC%9C%A4%EC%84%9D%EC%B2%A0&frameFilterType=1&frameFilterValue=6288, 윤석철,나남,
소설 예수 1,"13,320원(-10%)",https://bookthumb-phinf.pstatic.net/cover/163/209/16320976.jpg?type=m1&udate=Tue Apr 14 00:49:00 KST 2020,http://book.naver.com/search/search.nhn?query=%EC%9C%A4%EC%84%9D%EC%B2%A0&frameFilterType=1&frameFilterValue=6288, 윤석철,나남,
죄악의 열매,"12,420원(-10%)",https://bookthumb-phinf.pstatic.net/cover/163/258/16325834.jpg?type=m1&udate=Tue Apr 14 00:49:00 KST 2020,http://book.naver.com/search/search.nhn?query=%EC%B6%88%EC%B6%88&frameFilterType=1&frameFilterValue=3517895, 춈춈,가하,"“한유진은 당신 어머니에게도 내 아버지에게도 기적 같은 아이라. 내가 어떻게 감히 당신을, 그들의 기적을 저주하고 미워할 수 있겠어요?”한유진을 누나라 부르며 그녀의 곁을 맴도는 남자, 도윤우. 대현의 후계자이자 백 여사의 전폭적인 애정과 사랑을 받는 유일한 혈육인 그가, 그녀를 만났다. 제 엄마를 살리고자 같은 집, 맞은편 방에서 오랜 시간 가면을 쓰고 살아온 한유진에게 은밀한 제안을 건넨다.“대현은 할머니 손에 있어요. 할머니 말이라면 모두가 죽는 시늉을 하"
토마스 만 단편 전집. 1(부클래식 82),"10,800원(-10%)",https://bookthumb-phinf.pstatic.net/cover/163/252/16325219.jpg?type=m1&udate=Tue Apr 14 00:49:00 KST 2020,http://book.naver.com/search/search.nhn?query=%ED%86%A0%EB%A7%88%EC%8A%A4+%EB%A7%8C&frameFilterType=1&frameFilterValue=6000004399, 토마스 만,부북스,"카프카류의 초현실적 소설이 등장하기 직전까지 독일 산문문학을 최고의 경지에까지 끌어올린 전설적 스토리텔러로서 세계적 문호의 반열에 오른 20세기 최고의 작가, 토마스만의 단편 전집이다."
나스타샤(개정판)(양장본 HardCover),"15,300원(-10%)",https://bookthumb-phinf.pstatic.net/cover/163/181/16318146.jpg?type=m1&udate=Tue Apr 14 00:49:00 KST 2020,http://book.naver.com/search/search.nhn?query=%EC%A1%B0%EC%A7%80%EC%88%98&frameFilterType=1&frameFilterValue=1761537, 조지수,북핀,"아름다운 캐나다의 대자연에서 펼쳐지는 진정한 사랑의 울림캐나다를 배경으로 펼쳐지는 우정과 사랑이야기. 이미 십 수권의 저서를 가진 저자는 비교적 잘 알려진 저술가지만, 이 책에서는 조지수라는 필명을 사용하고 있다. 이른 나이에 유학을 떠나 캐나다에 정착하여 대학에서 학생들을 가르치는 주인공 조지는 젊은 시절 대부분을 외국에서 보낸 저자의 삶이 어느 정도 투영된 인물이라고 볼 수 있다.
소설의 전반부는 자연의 아름다움, 삶에 대한 성찰, 조지와 관련한 여러 인물들과의 이야기가 캐나다를 배경으로 펼쳐진다. 이후 조"
무등산에 묻다,"10,800원(-10%)",https://bookthumb-phinf.pstatic.net/cover/163/233/16323309.jpg?type=m1&udate=Tue Apr 14 00:49:00 KST 2020,http://book.naver.com/search/search.nhn?query=%EC%9D%B4%EC%A3%BC%EC%88%99&frameFilterType=1&frameFilterValue=4236242, 이주숙,지식과감성,큰 범죄를 조사하고 터트리는 데 협조하면 나의 뒤에 도사린 더 큰 어둠이 가려지고 사랑하는 그를 얻을 수 있을 줄 알았다. 깊은 내막을 들여다보고 진실을 파헤쳤던 나는 무엇을 쫓고 있었는가. 무등산 한 자락에서 펼쳐지는 그 어느 날의 일들을 이 책을 통해 만나 보기 바란다.
로봇 교사 1,"10,800원(-10%)",https://bookthumb-phinf.pstatic.net/cover/163/189/16318985.jpg?type=m1&udate=Tue Apr 14 00:49:00 KST 2020,http://book.naver.com/search/search.nhn?query=%EC%9D%B4%ED%9D%AC%EC%A4%80&frameFilterType=1&frameFilterValue=39630, 이희준,별숲,
일주일 만에 사랑할 순 없다(김동식 소설집 8),"11,700원(-10%)",https://bookthumb-phinf.pstatic.net/cover/162/936/16293677.jpg?type=m1&udate=Tue Apr 14 00:49:00 KST 2020,http://book.naver.com/search/search.nhn?query=%EA%B9%80%EB%8F%99%EC%8B%9D&frameFilterType=1&frameFilterValue=5000034239, 김동식,요다,"2018년 『회색 인간』으로 데뷔하여 한국 문단에 큰 충격을 주었던 김동식의 신작 소설집.카카오페이지 연재 당시 반응이 좋았던 작품들과 작가의 색다른 시도가 돋보이는 미공개 신작 등 23편의 단편을 모았다.
표제작 「일주일 만에 사랑할 순 없다」는 지구 멸망을 한 주 앞두고 사랑에 빠진 두 남녀의 생존 로맨스다. SF, 공포, 스릴러, 판타지 등 장르를 넘나드는 김동식 작가가 처음으로 로맨스 장르에 도전했다. 기존 김동식 소설과는 다른 서정적이고 로맨틱한 분위기의 소설로, 특유의 상상력과 허를 찌르는 반전을 더해 이야기의"
로봇 교사 2,"10,800원(-10%)",https://bookthumb-phinf.pstatic.net/cover/163/189/16318987.jpg?type=m1&udate=Tue Apr 14 00:49:00 KST 2020,http://book.naver.com/search/search.nhn?query=%EC%9D%B4%ED%9D%AC%EC%A4%80&frameFilterType=1&frameFilterValue=39630, 이희준,별숲,
생사의 게임,"13,500원(-10%)",https://bookthumb-phinf.pstatic.net/cover/163/178/16317815.jpg?type=m1&udate=Tue Apr 14 00:49:00 KST 2020,http://book.naver.com/search/search.nhn?query=%EC%8B%9C%EB%93%9C%EB%8B%88+%EC%85%80%EB%8D%98&frameFilterType=1&frameFilterValue=6000002307, 시드니 셀던,문지사,"전세계적으로 대히트한 ‘영화 깊은 밤 깊은 곳에’의 원작자이자,
1980년대 미국 뉴욕타임즈가 최고의 추리작가로 선정했던
시드니 셀던의 하드보일드 터치가 예리하게 빛나는 
짜릿한 살인추리 소설!"
실버로드,"13,050원(-10%)",https://bookthumb-phinf.pstatic.net/cover/163/253/16325317.jpg?type=m1&udate=Tue Apr 14 00:49:00 KST 2020,http://book.naver.com/search/search.nhn?query=%EC%8A%A4%ED%8B%B0%EB%82%98+%EC%95%BD%EC%86%90&frameFilterType=1&frameFilterValue=4666198, 스티나 약손,마음서재,"밤에도 지지 않는 태양, 숲의 심연에 고인 어둠…
거기 어딘가에 실종된 딸이 있다!
“날 찾아야지. 날 찾을 수 있는 사람은 아빠뿐이야.”춥고 어둡고 긴 겨울이 물러가고 백야가 시작되면 렐레는 낡은 볼보를 몰고 밤마다 실버 로드를 달린다. 스웨덴 동부 해안에서 노르웨이 국경으로 이어지는 95번 국도. 일명 실버 로드라 불리는 이 길은 3년 전 렐레의 열일곱 살 딸이 버스를 기다리다 감쪽같이 실종된 곳이다. 목격자도 단서도 없이 사건은 미궁에 빠지지만, 렐레는 결코 포기하지 않고 딸을 찾기 위해 집요한 수"
신 호모데우스전,"10,800원(-10%)",https://bookthumb-phinf.pstatic.net/cover/163/263/16326344.jpg?type=m1&udate=Tue Apr 14 00:49:00 KST 2020,http://book.naver.com/search/search.nhn?query=%EC%9D%B4%EC%83%81%EA%B6%8C&frameFilterType=1&frameFilterValue=5000013491, 이상권,특별한서재,"바이러스로 죽어가는 인간을 살리기 위해
동물은 실험대상이 되어야 하는가?인간의 그늘 아래 스러져간 수많은 생명을 위해-
생태 이야기꾼 이상권이 들려주는 ‘불편한 진실’
“결국, 인간은 가축의 지옥을 먹고사는 거야.”

특서 청소년문학 열세 번째 이야기. 『시간 전달자』, 『하늘로 날아간 집오리』, 『개 재판』, 『고양이가 기른 다람쥐』 등 자연과 동물, 그리고 환경을 노래해온 우리나라 최고의 생태이야기 작가 이상권이 이번에는 ‘불법동물실험’의 메시지를 던지는 청소년소설로 독자들을 찾"
이 세계에서 너와 두 번째 첫사랑을,"11,520원(-10%)",https://bookthumb-phinf.pstatic.net/cover/163/273/16327339.jpg?type=m1&udate=Tue Apr 14 00:49:00 KST 2020,http://book.naver.com/search/search.nhn?query=%EB%AA%A8%EC%B9%98%EC%A6%88%ED%82%A4+%EC%BF%A0%EB%9D%BC%EA%B2%8C+%EC%A0%80&frameFilterType=1&frameFilterValue=4666626, 모치즈키 쿠라게 저,북스토리,"가쿠요무 웹소설 특별상 수상작. 고등학생인 아사히는 중학교 졸업식 때 남자친구인 아라타에게서 일방적으로 이별을 통보받은 충격에서 헤어나지 못하고 있었다. 정말 좋아했었기 때문에 3년이 지난 지금도 아라타의 전화번호를 지우지 못하고 있는 아사히에게 어느 날, 아라타의 번호로 전화가 걸려온다. 뜻밖의 전화는 아사히에게 충격적인 사실을 말해준다. 충격을 받은 아사히에게 아라타의 어머니는 아라타의 일기장을 건네준다. 그리고 아사히는 왜 3년 전에 아라타가 갑작스럽게 자신에게 헤어지자고 말했는지를 알게 된다. 

아라타의 일기"
피할 수 없는 거짓말,"14,400원(-10%)",https://bookthumb-phinf.pstatic.net/cover/163/242/16324229.jpg?type=m1&udate=Tue Apr 14 00:49:00 KST 2020,http://book.naver.com/search/search.nhn?query=%ED%81%AC%EB%A6%AC%EC%8A%A4%ED%8B%B0%EB%82%98+%EC%98%AC%EC%86%90&frameFilterType=1&frameFilterValue=4444628, 크리스티나 올손,북레시피,"‘스칸디나비아 범죄소설의 여왕’ 크리스티나 올손의
〈마틴 베너 시리즈〉 2탄!
『파묻힌 거짓말』과 함께 유럽 서점가를 휩쓴 최고의 반전 스릴러“파묻힌 거짓말”을 읽는 건 참으로 고통스러웠어요. 다시 말해서 그 모든 일을 너무나 정확히 기억한다는 뜻이죠. 루시는 사무실에서 어떤 선크림을 사용할까 고르고 있었고 저는 비밀 데이트를 즐기는 중이었죠. 하지만 이 모든 바보 같은 짓은 텍사스를 다녀온 후 끝나버렸어요. 그리고 경고가 있었죠. 제가 지금 하려는 이야기는 훨씬 더 무겁고 훨씬 더 어두워요. 더는 ”파"
이상한 나라의 앨리스,"12,600원(-10%)",https://bookthumb-phinf.pstatic.net/cover/163/263/16326356.jpg?type=m1&udate=Tue Apr 14 00:49:00 KST 2020,http://book.naver.com/search/search.nhn?query=%EB%A3%A8%EC%9D%B4%EC%8A%A4+%EC%BA%90%EB%9F%B4&frameFilterType=1&frameFilterValue=6000000950, 루이스 캐럴,알에이치코리아(RHK),"일러스트레이터 퍼엉이 재해석한 판타지의 영원한 클래식 오랜 세월을 건너며 사람들의 삶 가운데 깊이 자리한 아름다운 고전들. 시대를 초월하여 사랑받아온 명작과 오늘을 대표하는 젊은 아티스트들의 감각이 하나로 만난 새로운 클래식 시리즈, 아트앤클래식Art & Classic의 첫 책이 출간되었다. 고전을 색다르게 만날 수 있도록 안내할 아트앤클래식은 1년여의 기획 기간을 거쳐 고전 작품을 선별하고, 그에 어울리는 일러스트레이터들과의 협업으로 완성되었다. 첫 책은 세"
지구 행성에서 너와 내가,"10,800원(-10%)",https://bookthumb-phinf.pstatic.net/cover/163/208/16320861.jpg?type=m1&udate=Tue Apr 14 00:49:00 KST 2020,http://book.naver.com/search/search.nhn?query=%EA%B9%80%EB%AF%BC%EA%B2%BD&frameFilterType=1&frameFilterValue=17858, 김민경,사계절,"“너는, 그날 나를 알아본 거야.”
지구라는 행성에서 누군가와 ‘마음의 밀월’을 나눠 본 적 있나요?지석이는 새봄이가 선물한 『모비딕』을 하루빨리 읽어야 한다. 이 책을 다 읽어야 새봄이가 제주도로 전학 가기 전까지 같이 시간을 보낼 수 있다. 새봄이는 엄마의 장례식 날짜가 세월호 참사와 겹쳐 힘든 시간을 보냈고, 4년 만에 돌아간 학교에서 우연히 『모비 딕』이라는 책을 접하고 삶에 대한 강한 애착을 느낀다. 엄마의 죽음과 사회적 죽음이 겹치면서 죽음에 대한 강박과 우울증을 오래 앓아온 새봄이는 세월호 참사처럼"
표정 없는 검사,"14,400원(-10%)",https://bookthumb-phinf.pstatic.net/cover/163/239/16323991.jpg?type=m1&udate=Tue Apr 14 00:49:00 KST 2020,http://book.naver.com/search/search.nhn?query=%EB%82%98%EC%B9%B4%EC%95%BC%EB%A7%88+%EC%8B%9C%EC%B9%98%EB%A6%AC&frameFilterType=1&frameFilterValue=2189131, 나카야마 시치리,블루홀식스(블루홀6),"반전의 제왕! 이야기의 달인! 제8회 〈이 미스터리가 대단해!〉 대상 수상 작가인 나카야마 시치리의 장편소설 『표정 없는 검사』가 블루홀식스에서 출간되었다. 『표정 없는 검사』는 ‘나카야마 시치리 월드’에 새롭게 등장하는 캐릭터인 포커페이스 검사와 검찰 사무원 콤비가 만들어 내는 검찰 미스터리 시리즈물이다. 그간 블루홀식스는 나카야마 시치리의 음악 미스터리 『안녕, 드뷔시』, 『잘 자요, 라흐마니노프』(미사키 요스케 시리즈), 『히포크라테스 선서』, 『히포크라테스 우울』(우라와 의대 법의학 교실 시리즈), 『테미스의 검』, 『네메시"
김의 나라,"13,500원(-10%)",https://bookthumb-phinf.pstatic.net/cover/163/248/16324886.jpg?type=m1&udate=Tue Apr 14 00:49:00 KST 2020,http://book.naver.com/search/search.nhn?query=%EC%9D%B4%EC%83%81%ED%9B%88&frameFilterType=1&frameFilterValue=5000022144, 이상훈,파람북,"고려의 《삼국사기》에 의해 왜곡되고
중국의 동북공정에 의해 가리워진 
신(新)-신라(新羅)-금(金)-청(靑)으로 이어지는
‘김의 나라’의 역사!이상훈 작가의 장편소설 《김의 나라》는 우리가 국사 수업 시간에 단 한 번도 배운 적 없는 신라의 마지막 태자 김일의 미스터리한 역사적 발자취를 파고든다. 고려 입장에서 편찬한 역사서 《삼국사기》는 그가 신라 패망 후 돌연 상복(마의)을 입고 금강산으로 들어가 홀연히 사라져버렸다고 서술할 뿐이다. 하지만 저자는 강원도 인제를 중심으로 신라부흥세력을 규합했던"
달 너머로 달리는 말,없음,https://bookthumb-phinf.pstatic.net/cover/163/231/16323144.jpg?type=m1&udate=Tue Apr 14 00:49:00 KST 2020,http://book.naver.com/search/search.nhn?query=%EA%B9%80%ED%9B%88&frameFilterType=1&frameFilterValue=5000006226, 김훈,파람북,"『칼의 노래』 『남한산성』의 작가 김훈의 첫 판타지 소설
한국 소설사에서 유례를 찾아보기 힘든 파격적 시도이자 문학적 도전
밀리 오리지널 종이책 정기구독 네 번째 책, 『달 너머로 달리는 말』
소설은 시원(始原)의 어느 지점에서 시작한다. 굳이 시대를 밝히자면 인간이 말[馬] 등에 처음 올라탄 무렵이지만, 그 시기를 인간의 역사에서 가늠하는 것은 무의미하다. 기록이 사실을 증명하지 못하는 역사 이전의 시대이며, 인간의 삶이 자연에서 분화하지 못하고 뒤엉켜 있는 상상의 공간이기 때문이다. 일찍이 접해본 적 없는 전폭적이고 독"
무협영화를 보는 밤,"11,700원(-10%)",https://bookthumb-phinf.pstatic.net/cover/163/214/16321435.jpg?type=m1&udate=Tue Apr 14 00:49:00 KST 2020,http://book.naver.com/search/search.nhn?query=%EC%9D%B4%EC%A2%85%EC%B2%A0&frameFilterType=1&frameFilterValue=491, 이종철,어문학사,"『왕서방과 코끼리 -다각도에서 들여다보는 중국의 면면』 저자가 쓴
소설집 『무협영화를 보는 밤』다양한 글, 즉 논문부터 시작하여 칼럼, 비평, 교양서적, 에세이, 번역서를 써 내려 간 이종철 교수가 소설집으로 독자와 만난다. 무협영화로부터 시작되는 감동과 애환을 이어서, 지금 이 순간을 살아가는 사람들의 삶의 모습을 담아내었다. 작가는 9개의 단편을 통하여 독자가 “재미와 함께 그 안에 시대와 세상을 투영하는 깊이 있는 시선과 감동”을 느끼기를 기대한다."
조지 오웰 동물농장 & 1984 원전 완역본 세트(전2권),"9,810원(-10%)",https://bookthumb-phinf.pstatic.net/cover/163/269/16326939.jpg?type=m1&udate=Tue Apr 14 00:49:00 KST 2020,http://book.naver.com/search/search.nhn?query=%EC%A1%B0%EC%A7%80+%EC%98%A4%EC%9B%B0&frameFilterType=1&frameFilterValue=6000003747, 조지 오웰,코너스톤,"〈요즘책방: 책 읽어드립니다〉 방송 도서 《동물농장》 수록
자신의 정치적 신념을 예술로 승화한 작가 조지 오웰의 대표작 2권!
최고의 정치 풍자 소설 《동물농장》과 디스토피아 문학의 고전 《1984》!사회주의와 전체주의를 비판하고 부패한 권력의 속성을 깊이 있게 통찰한 조지 오웰의 대표작 2권을 소개한다. 스탈린 체제하의 러시아를 우화 형식으로 비판한 《동물농장》과 전체주의 사회의 암울한 미래를 현실적으로 그려낸 《1984》는 작가이자 정치 평론가였던 오웰이 자신의 정치적 신념을 예술적으로 녹여낸 작품이"
어제가 없으면 내일도 없다(행복한 탐정 시리즈 5),"15,120원(-10%)",https://bookthumb-phinf.pstatic.net/cover/163/130/16313013.jpg?type=m1&udate=Tue Apr 14 00:49:00 KST 2020,http://book.naver.com/search/search.nhn?query=%EB%AF%B8%EC%95%BC%EB%B2%A0+%EB%AF%B8%EC%9C%A0%ED%82%A4&frameFilterType=1&frameFilterValue=6000001533, 미야베 미유키,북스피어,"작가 미야베 미유키가 유일하게 시리즈로 구축해온 탐정 캐릭터, 스기무라 사부로의 활약을 담은 현대 미스터리 소설. 전작 ?희망장?에서 조그마한 탐정 사무소를 차린 스기무라 사부로가 마침내 제대로 된 프로 탐정으로 활약하며 여성을 경멸하는 불쾌한 남자들의 번들거리는 욕망을 쫓기 시작한다.

첫 의뢰인은 자살 미수로 입원한 딸과 한 달이 넘도록 연락이 안 돼 고민에 빠진 부인이다. 사위는 장모님 때문에 아내가 자살을 시도했다며 비난하고 병원에서는 배우자의 허락 없이 면회가 어렵다며 가족들의 만남을 가로막는다. 딸은 왜 자"
"연애, 그 당돌함","9,000원(-10%)",https://bookthumb-phinf.pstatic.net/cover/163/242/16324200.jpg?type=m1&udate=Tue Apr 14 00:49:00 KST 2020,http://book.naver.com/search/search.nhn?query=%EC%84%9C%EA%B2%BD&frameFilterType=1&frameFilterValue=20549, 서경,로코코,"안정적인 결혼을 꿈꾸는 이민지 생애 첫 맞선 상대는
미모며 인성이며 빼어나다 소문난 엔터테인먼트 대표였다.

[우리, 한 번 더 만나요!]
[바쁩니다. 미안해요.]

작은 오해로 한숨만 쉬다 끝난 맞선이 아쉬워 죽겠다.
포기할 순 없지. 기회를 다시 만드는 수밖에!

화려한 연예인과 극성스러운 어머니를 두어
본의 아니게 여자 보기를 돌같이 하던 유재신.

[그럼, 주말은요? ㅠㅠ]

첫눈에 호감이었지만 나이 차가 많아 정중히 거절했는"
고양이라서 행복해,"11,700원(-10%)",https://bookthumb-phinf.pstatic.net/cover/163/249/16324901.jpg?type=m1&udate=Tue Apr 14 00:49:00 KST 2020,http://book.naver.com/search/search.nhn?query=%EB%AF%B8%EB%A6%AC%EC%95%94+%ED%94%84%EB%A0%88%EC%8A%AC%EB%9F%AC&frameFilterType=1&frameFilterValue=6000001511, 미리암 프레슬러,한솔수북,"세계적인 작가 미리암 프레슬러가 고양이 키티를 통해 들려주는 삶의 지혜와 철학. 작가는 어린 고양이 키티가 엠마 할머니를 만나, 인생의 지혜를 하나하나 배우며 어른이 되는 과정을 사랑스럽고 흥미진진한 이야기로 엮었다. 이야기 곳곳에 녹아 있는 삶의 지혜는 깊이와 통찰이 있어, 다시 한 번 곱씹게 만드는 힘이 있다.

엠마 할머니를 여사님이라고 부른 키티에게 ‘누구나 자기 이름으로 불릴 권리가 있다.’며 ‘엠마 할머니’로 부르라고 말하는 대목이나, ‘실수할 권리가 있다는 생각으로 실수를 계속하는 것보다야 피하는 것이 여"
파멸일기,"12,600원(-10%)",https://bookthumb-phinf.pstatic.net/cover/163/263/16326378.jpg?type=m1&udate=Tue Apr 14 00:49:00 KST 2020,http://book.naver.com/search/search.nhn?query=%EC%9C%A4%EC%9E%90%EC%98%81&frameFilterType=1&frameFilterValue=5000034363, 윤자영,몽실북스,"현직 생명과학을 가르치는 교사이면서 한국추리작가협회 부회장으로 활동 중인 윤자영 작가. 고등학교에서 학생들을 가르치면서 다양한 시도와 여러 장르의 통합으로 융합 수업을 추구하는 작가가 학교를 배경으로 같은 이름을 가진 두 명의 고등학생을 주인공으로 내세워 지극히 현실적이면서도 묵직함을 던져주는 <파멸일기>.

학생들을 대상으로 하는 학원폭력은 날이 갈수록 점점 더 강해지고 교묘해지고 악랄해졌다. 십대의 청소년들의 생각이라고 할 수 없을 만큼 잔인한 방법으로 괴롭힘을 자행한다. 가해자는 자신들이 우위에 있다고"
해녀콩 1,"13,500원(-10%)",https://bookthumb-phinf.pstatic.net/cover/163/215/16321574.jpg?type=m1&udate=Tue Apr 14 00:49:00 KST 2020,http://book.naver.com/search/search.nhn?query=%EC%B1%84%EC%A0%95%EC%9A%B4&frameFilterType=1&frameFilterValue=5000020197, 채정운,개미,
"칵테일, 러브, 좀비(안전가옥 쇼-트 2)","9,000원(-10%)",https://bookthumb-phinf.pstatic.net/cover/163/248/16324893.jpg?type=m1&udate=Tue Apr 14 00:49:00 KST 2020,http://book.naver.com/search/search.nhn?query=%EC%A1%B0%EC%98%88%EC%9D%80&frameFilterType=1&frameFilterValue=2576125, 조예은 ,안전가옥,"안전가옥 쇼-트 시리즈의 두 번째 책으로, 조예은 작가의 단편집이다. 안전가옥 오리지널 시리즈의 첫 책 《뉴서울파크 젤리장수 대학살》에서 탄탄한 구성의 호러 스릴러를 선보였던 작가의 연출력은 단편집에서 더욱 다양한 색채로 빛을 발한다.
미묘하지만 분명한 폭력을 감내해 왔던 여성 빌런의 탄생을 그린 〈초대〉, 물귀신과 숲귀신 사이의 사랑스러운 이끌림을 담은 〈습지의 사랑〉, 블랙 유머를 통해 가부장제의 이면을 들여다보는 오컬트 좀비물 〈칵테일, 러브, 좀비〉, 제2회 황금가지 타임리프 공모전에서 우수상을 차지한 〈오버랩 나이프"
해녀콩 2,"13,500원(-10%)",https://bookthumb-phinf.pstatic.net/cover/163/215/16321576.jpg?type=m1&udate=Tue Apr 14 00:49:00 KST 2020,http://book.naver.com/search/search.nhn?query=%EC%B1%84%EC%A0%95%EC%9A%B4&frameFilterType=1&frameFilterValue=5000020197, 채정운,개미,
한인애국단,"13,500원(-10%)",https://bookthumb-phinf.pstatic.net/cover/163/189/16318966.jpg?type=m1&udate=Tue Apr 14 00:49:00 KST 2020,http://book.naver.com/search/search.nhn?query=%EC%A0%95%EB%A7%8C%EC%A7%84&frameFilterType=1&frameFilterValue=5000026726, 정만진,국토,"1900년대 기산도, 나철, 안중근, 우덕순, 이재명의 거사에서부터 1910년대 대한광복회, 1920년대 의열단, 1930년대 임시정부의 의열 투쟁, 그리고 마지막 거사인 1945년 부민관 폭파에 이르기까지 우리나라 독립운동 시기 무장 의열 투쟁 전반을 문학으로 녹여낸 장편소설로, 저자의 독립운동 장편소설 제3편이다. 

제1편은 1910년대 최고의 무장 항일운동 단체 대한광복회를 다룬 <소설 대한광복회>이고, 제2편은 1920년대 최고의 무장 항일운동 단체 의열단을 다룬 <소설 의열단>이다. 이"
어둠의 눈,"14,400원(-10%)",https://bookthumb-phinf.pstatic.net/cover/163/149/16314972.jpg?type=m1&udate=Tue Apr 14 00:49:00 KST 2020,http://book.naver.com/search/search.nhn?query=%EB%94%98+%EC%BF%A4%EC%B8%A0&frameFilterType=1&frameFilterValue=6000000649, 딘 쿤츠,다산책방,"40년 전 ‘코로나19’를 예견한 소설,
한국어판 최초 출간!
2020년 전 세계 역주행 베스트셀러 1위![줄거리]
라스베이거스에서 쇼 제작자로 일하는 크리스티나 에번스는 의문의 버스 사고로 열두 살 난 아들 대니를 잃었다. 그런데 1년이 지난 뒤, 그녀에게 자꾸만 기괴한 일이 일어난다. 대니가 살려달라고 외치는 악몽, 자꾸만 칠판에 나타나는 ‘죽지 않았어’라는 메시지, 혼자서 저절로 켜지는 라디오. 이 모든 일이 아들이 살아 있다는 증거라고 생각한 그녀는 아들을 직접 찾아내기로 결심한다. 사건을"
민주를 지켜라!,"10,710원(-10%)",https://bookthumb-phinf.pstatic.net/cover/163/215/16321531.jpg?type=m1&udate=Tue Apr 14 00:49:00 KST 2020,http://book.naver.com/search/search.nhn?query=%EC%9D%B4%EC%83%81%EA%B6%8C&frameFilterType=1&frameFilterValue=5000013491, 이상권,서해문집,"서해문집 청소년문학 8권. 2020년은 4·19혁명 60주년이자, 만 18세 이상 청소년에게도 투표권이 주어진, 뜻깊은 해다. 이 책은 지난 혁명의 의미를 되새기는 것은 물론, 첫 선거를 맞이한 청소년들에게 민주주의의 역사를 소설로 보여 준다. 3·1운동 100주년 기념 소설집인 <대한 독립 만세>를 통해 청소년들에게 독립운동의 역사적 의미를 소설로 잘 풀어내 보여 줬던 다섯 작가가 다시 한 번 의기투합해 완성한 결과물이다.

이 책에서는 교과서를 비롯한 다른 매체를 통해 많이 알려진 4·19혁명의 현장과"
삼국수호전. 11(완결),"7,200원(-10%)",https://bookthumb-phinf.pstatic.net/cover/163/275/16327503.jpg?type=m1&udate=Tue Apr 14 00:49:00 KST 2020,http://book.naver.com/search/search.nhn?query=%EC%9D%B4%EC%A7%84%EC%9A%B1&frameFilterType=1&frameFilterValue=34057, 이진욱,어울림출판사,"위정자들의 나라, 송나라.
그 거대한 힘에 맞서 싸웠던 양산박의 오호장 임충.
고구려에서 왕족 고사현으로 환생하는데…

“나더러 하늘의 뜻을 대신 행하란 말이오?”

개마기병의 말발굽 소리가 대륙을 진동하고,
장사모 한 자루가 전장을 휩쓴다.

행천도장 고사현!
그 위대한 이름이 세상에 울려 퍼질 날이
도래했다!!"
보라색 치마를 입은 여자(양장본 HardCover),"11,250원(-10%)",https://bookthumb-phinf.pstatic.net/cover/163/257/16325769.jpg?type=m1&udate=Tue Apr 14 00:49:00 KST 2020,http://book.naver.com/search/search.nhn?query=%EC%9D%B4%EB%A7%88%EB%AC%B4%EB%9D%BC+%EB%82%98%EC%93%B0%EC%BD%94&frameFilterType=1&frameFilterValue=3660461, 이마무라 나쓰코,문학동네,"일명 ‘보라색 치마’는 ‘나’가 사는 동네에서 누구나 알고 있는 유명인이다. 언제나 같은 옷차림에 푸석푸석한 머리를 하고서 일주일에 한 번꼴로 상점가에 나타나 빵집과 공원을 들른다. 스쳐가는 사람들과 대화를 나누기는커녕 눈길도 마주치지 않고 뚜렷한 직업 없이 오래된 빌라에 혼자 사는 보라색 치마는 모두가 알면서도 누구 하나 관심을 보이지 않는 존재이지만, ‘나’는 그녀와 친구가 되고 싶다는 일념으로 매일같이 뒤를 밟으며 일거수일투족을 관찰하고 기록한다. 

공원에서 늘 앉는 벤치에 구인정보지를 가져다놓는 물밑작업 끝에"
셰익스피어 4대 비극,"17,820원(-10%)",https://bookthumb-phinf.pstatic.net/cover/163/132/16313252.jpg?type=m1&udate=Tue Apr 14 00:49:00 KST 2020,http://book.naver.com/search/search.nhn?query=%EC%9C%8C%EB%A6%AC%EC%97%84+%EC%85%B0%EC%9D%B5%EC%8A%A4%ED%94%BC%EC%96%B4&frameFilterType=1&frameFilterValue=6000003242, 윌리엄 셰익스피어,더스토리,"영국이 낳은 세계 최고의 시인 겸 극작가 셰익스피어의 4대 비극
햄릿, 오셀로, 리어왕, 맥베스
불멸의 고전을 한 권으로 읽는다!누구에게나 알려져 있지만 모두가 읽어보지는 못한 셰익스피어 4대 비극. 더스토리가 대문호 셰익스피어의 작품 세계를 되짚어 볼 수 있는 대표작 《셰익스피어 4대 비극》을 묶어 한 권으로 출간했다.
먼 과거에 쓰인 셰익스피어의 비극이 시간이 지나도 전 세계 사람들로부터 사랑받고, 무대에서 공연되는 이유는 바로 ‘현대성’에 있다. 인간의 보편적 감성이 불변함을 셰익스피어는 알"
세상의 주인 Lord Of The World,"13,500원(-10%)",https://bookthumb-phinf.pstatic.net/cover/163/179/16317999.jpg?type=m1&udate=Tue Apr 14 00:49:00 KST 2020,http://book.naver.com/search/search.nhn?query=%EB%A1%9C%EB%B2%84%ED%8A%B8+%ED%9C%B4+%EB%B2%A4%EC%8A%A8&frameFilterType=1&frameFilterValue=4664677, 로버트 휴 벤슨,메이븐,"왜 프란치스코 교황은 113년 전 소설을 두 번이나 추천했을까?로버트 휴 벤슨이 1907년 발표한 《세상의 주인》은 프란치스코 교황이 두 번이나 추천하면서 다시금 전 세계 독자들에게 화제가 되었다. 세계 대통령으로 등극한 미국 정치인과 교황의 대결을 그리고 있는 이 책은《1984》와 《멋진 신세계》,《반지의 제왕》에 큰 영향을 끼친 숨겨진 걸작으로 평가받는다. 벤슨이 100년 전에 상상한 미래 세계는 소름 끼칠 만큼 오늘의 세상과 닮아 있다. 그래서 작품을 집필했던 20세기 초보다 오늘날 우리들에게 더 시의적절한 메시"
인간의 척도,"13,500원(-10%)",https://bookthumb-phinf.pstatic.net/cover/163/215/16321540.jpg?type=m1&udate=Tue Apr 14 00:49:00 KST 2020,http://book.naver.com/search/search.nhn?query=%EB%A7%88%EB%A5%B4%EC%BD%94+%EB%A7%90%EB%B0%9C%EB%94%94&frameFilterType=1&frameFilterValue=4665431, 마르코 말발디,그린하우스,"다 빈치 사후 500주년 기념작
전 세계 17개국 출간 화제작
“르네상스적 인간이라고 불리는 다 빈치야말로 우리가 풀고 싶은 궁극의 미스터리다”
줄거리를 파악하기 전부터 눈길을 끌고 흡인력을 발휘하는 소설이 있다. 핵심은 이야기를 풀어가는 방식인데, 마르코 말발디는 굉장한 이야기꾼이다. 이 책은 마르코 말발디의 대표작으로 그는 르네상스의 핵심 시대를, 넘치는 재기와 위트를 가지고 상상해냄으로써 독자들을 완벽히 유혹한다. 이 이야기는 역사소설이자 그 어떤 것과도 비교할 수 없는 미스터리 소설로 지적 스릴러를 대표하고 있다."
어쩌다 아이돌. 6,"7,200원(-10%)",https://bookthumb-phinf.pstatic.net/cover/163/275/16327504.jpg?type=m1&udate=Tue Apr 14 00:49:00 KST 2020,http://book.naver.com/search/search.nhn?query=%EC%9D%B4%EC%A7%84%EC%9A%B1&frameFilterType=1&frameFilterValue=34057, 이진욱,어울림출판사,"아이돌 체육대회(1) 7
아이돌 체육대회(2) 19
아이돌 체육대회(3) 33
아이돌 체육대회(4) 45
아이돌 체육대회(5) 57
아이돌 체육대회(6) 69
아이돌 체육대회(7) 81
아이돌 체육대회(8) 93
크루(CREW)(1) 105
크루(CREW)(2) 117
크루(CREW)(3) 129
크루(CREW)(4) 141
크루(CREW)(5) 153
와일드 스웨거(1) 165
와일드 스웨거(2) 177
아라와 유키(1) 1"
초판본 셰익스피어 4대 비극,"22,320원(-10%)",https://bookthumb-phinf.pstatic.net/cover/163/132/16313254.jpg?type=m1&udate=Tue Apr 14 00:49:00 KST 2020,http://book.naver.com/search/search.nhn?query=%EC%9C%8C%EB%A6%AC%EC%97%84+%EC%85%B0%EC%9D%B5%EC%8A%A4%ED%94%BC%EC%96%B4&frameFilterType=1&frameFilterValue=6000003242, 윌리엄 셰익스피어,더스토리,"영국이 낳은 세계 최고의 시인 겸 극작가 셰익스피어의 4대 비극
햄릿, 오셀로, 리어왕, 맥베스
불멸의 고전을 한 권으로 읽는다!누구에게나 알려져 있지만 모두가 읽어보지는 못한 셰익스피어 4대 비극. 더스토리가 대문호 셰익스피어의 작품 세계를 되짚어 볼 수 있는 대표작 《셰익스피어 4대 비극》을 묶어 한 권으로 출간했다.
먼 과거에 쓰인 셰익스피어의 비극이 시간이 지나도 전 세계 사람들로부터 사랑받고, 무대에서 공연되는 이유는 바로 ‘현대성’에 있다. 인간의 보편적 감성이 불변함을 셰익스피어는 알"
악마의 첫 번째 유혹(할리퀸 로맨스 HR 273),"4,680원(-10%)",https://bookthumb-phinf.pstatic.net/cover/163/205/16320587.jpg?type=m1&udate=Tue Apr 14 00:49:00 KST 2020,http://book.naver.com/search/search.nhn?query=%EB%A6%B0+%EA%B7%B8%EB%A0%88%EC%9D%B4%EC%97%84&frameFilterType=1&frameFilterValue=6000001068, 린 그레이엄,신영미디어,"♣ 트리플 리치
원하는 모든 걸 가진 하룻밤

억만장자 플레이보이 앙겔의 비서로 일하던 메리. 그의 카리스마에 조용히 흠모의 감정을 느끼던 어느 날, 앙겔의 노골적인 유혹을 받는다. 이에 넘어가 하룻밤을 함께 보내지만 진지한 관계로 돌입하기는커녕 그녀를 기다리고 있는 건 어처구니없게도 퇴사 압박뿐이었다! 게다가 임신했다는 걸 뒤늦게 깨달은 메리가 이 사실을 전하지만, 그는 이에 개입하지 않겠다며 선을 긋는 것이었다. 하지만 1년 후, 그녀를 찾아온 앙겔은 결혼하여 아이를 같이 키우자며 갑작스럽게 태도를 바꾸는데"
호밀밭의 파수꾼(개정판),"6,930원(-10%)",https://bookthumb-phinf.pstatic.net/cover/163/181/16318160.jpg?type=m1&udate=Tue Apr 14 00:49:01 KST 2020,http://book.naver.com/search/search.nhn?query=%EC%A0%9C%EB%A1%AC+%EB%8D%B0%EC%9D%B4%EB%B9%84%EB%93%9C+%EC%83%90%EB%A6%B0%EC%A0%80&frameFilterType=1&frameFilterValue=6000003571, 제롬 데이비드 샐린저,혜원출판사,"소중한 기억들을 잊을까봐, 위선적인 어른이 되어버릴까봐
두렵고 혼란스러운 사춘기 소년의 성장통을 섬세하게 그려낸 소설
‘최고의 현대문학(윌리엄 포크너)’ ‘20세기 최고의 소설’로 꼽히는 모던클래식빈정대다가도 금세 얼굴을 붉히고, 거짓말을 밥 먹듯 하면서도 작은 거짓말에 양심의 가책을 느끼고, 날 내버려 두라고 하면서도 막상 아무도 찾지 않으면 한없이 초조해하고, 아무도 자기를 이해하지 못한다고 조소하지만 막상 이해받지 못하면 의기소침해하고, 어른들이 위선적이라고 비난하지만 누구보다도 어른이 되고 싶어하"
더 월,"11,700원(-10%)",https://bookthumb-phinf.pstatic.net/cover/163/234/16323406.jpg?type=m1&udate=Tue Apr 14 00:49:01 KST 2020,http://book.naver.com/search/search.nhn?query=%EC%A1%B4+%EB%9E%80%EC%B2%B4%EC%8A%A4%ED%84%B0&frameFilterType=1&frameFilterValue=13379, 존 란체스터,서울문화사,"2019 부커상 후보작
‘이 작품이야말로 이 시대의 《1984》이다!’* 〈파이낸셜타임즈〉, 〈이브닝스탠다드〉가 선정한 2019 최고의 책
* 우리에게 닥칠 기후 변화가 가져올 거대한 재앙! 곧 도래할 황폐화된 시대에는 어떤 일이 일어날까?
* 신입 경계병의 시선에는 어떤 것이 비춰질까? 작가의 날카로운 통찰력이 돋보이는 책

부커상 후보작에 오르며 문학성과 작품성을 전 세계에 인정받은 화제의 소설!
‘이 시대의 《1984》라고 할 수 있는 작품’

난민과 불법"
비화야담 1,"10,800원(-10%)",https://bookthumb-phinf.pstatic.net/cover/163/198/16319887.jpg?type=m1&udate=Tue Apr 14 00:49:01 KST 2020,http://book.naver.com/search/search.nhn?query=%EB%B0%B1%EC%8A%B9%EB%A6%BC&frameFilterType=1&frameFilterValue=3926872, 백승림,동아,
텍사스로 돌아온 사랑(할리퀸 로맨스 HR 274),"4,680원(-10%)",https://bookthumb-phinf.pstatic.net/cover/163/205/16320588.jpg?type=m1&udate=Tue Apr 14 00:49:01 KST 2020,http://book.naver.com/search/search.nhn?query=%EB%A1%9C%EB%A0%8C+%EC%BA%90%EB%84%8C&frameFilterType=1&frameFilterValue=3177592, 로렌 캐넌,신영미디어,"특별한 우정, 독특한 유대감

어린 조카를 키우며 동물 병원을 운영하는 홀리. 어느 날, 그녀의 첫사랑이 돌아온다! 오빠의 옛 친구인 챈스가 해군 특수 부대 복무 중에 부상을 입어 잠시 고향에 온 것이다. 어렸을 적에는 그녀를 막냇동생 정도로 취급하더니, 훌쩍 성숙한 그녀의 모습에 그 또한 흔들리는 게 홀리의 눈에도 빤히 보일 정도! 하지만 그에겐 복귀가 기다리고 있기에, 그녀는 그에게 다가가기가 힘겨운데….

우리 둘 다 그냥 키스 이상이라는 걸 알잖아…"
두 사람의 비밀,"13,500원(-10%)",https://bookthumb-phinf.pstatic.net/cover/163/269/16326998.jpg?type=m1&udate=Tue Apr 14 00:49:01 KST 2020,http://book.naver.com/search/search.nhn?query=%EC%BA%90%EB%9F%B0+M.+%EB%A7%A5%EB%A7%A4%EB%84%88%EC%8A%A4&frameFilterType=1&frameFilterValue=4285360, 캐런 M. 맥매너스,현암사,"데뷔작 『누군가는 거짓말을 하고 있다』로 세계적 돌풍을 일으킨 작가 캐런 M. 맥매너스가 두 번째 작품 『두 사람의 비밀』로 돌아왔다. 이번 작품에서 맥매너스는 한층 더 속도감 있는 전개로 쌍둥이 남매가 엄마의 고향 마을로 오면서부터 벌어지는 사건을 그려낸다. 23년 전의 실종 사건과 5년 전의 살인 사건, 그리고 새롭게 나타난 협박 메시지. 숨 돌릴 틈 없이 이어지는 사건들 속에서 범인의 정체가 점점 드러난다.

엘러리는 쌍둥이 형제인 에즈라와 함께 엄마의 고향인 에코리지로 오게 된다. 그림같이 아름다운 이 작은 마"
씨씨 허니컷 구하기,"13,950원(-10%)",https://bookthumb-phinf.pstatic.net/cover/163/263/16326351.jpg?type=m1&udate=Tue Apr 14 00:49:01 KST 2020,http://book.naver.com/search/search.nhn?query=%EB%B2%A0%EC%8A%A4+%ED%98%B8%ED%94%84%EB%A8%BC+%EC%A0%80&frameFilterType=1&frameFilterValue=4666502, 베스 호프먼 저,문학동네,"“새로운 인생이 조지아의 복숭아처럼
달콤하게 피어나기 시작했다.”“남부의 매력적이고 강한 여자들, 짓궂은 유머, 선한 마음으로 가득한 소설.”
_크리스틴 해나(소설가)

『작은 아씨들』의 조,
『소공녀』의 세라,
『오만과 편견』의 엘리자베스,
『빨강 머리 앤』의 앤……

 당찬 소녀 주인공의 계보를 잇는
 책벌레 소녀 씨씨

씨씨의 엄마는 빨간 새틴 구두를 길 한가운데 남겨둔 채 세상을 떠났다. 목격자는 세 명이었다. 다들 우스꽝스러"
신비한 수학의 땅 툴리아: 지하실의 미스터리,"10,800원(-10%)",https://bookthumb-phinf.pstatic.net/cover/163/198/16319857.jpg?type=m1&udate=Tue Apr 14 00:49:01 KST 2020,http://book.naver.com/search/search.nhn?query=%EA%B6%8C%ED%98%81%EC%A7%84&frameFilterType=1&frameFilterValue=55864, 권혁진,유아이북스,"수능 전국 수석이 추천하는 책!
중학 수학의 기본 개념을 라이트노벨로 읽는다아이들에게 수학은 골칫거리다. 개념부터 어렵고 딱딱하다고 생각하고 지레 포기하기도 한다. 이 책 〈신비한 수학의 땅, 툴리아〉는 수학이라면 질색하는 아이들도 자연스레 수학과 친해지고 마법처럼 빠져들길 바라는 마음을 담아 탄생됐다. 가족들을 찾는 주인공 소희와 할머니 댁 근처에 사는 동네 소년 진영이, 할머니 댁에 사는 치비가 함께 요괴들과 신비한 비밀이 가득한 ‘툴리아’라는 세계에 도착하면서 이야기가 시작한다. 저자의 번뜩이는 아이디어와"
빵 굽는 신데렐라(할리퀸 로맨스 HR 275),"4,680원(-10%)",https://bookthumb-phinf.pstatic.net/cover/163/205/16320590.jpg?type=m1&udate=Tue Apr 14 00:49:01 KST 2020,http://book.naver.com/search/search.nhn?query=%EB%82%98%ED%83%88%EB%A6%AC+%EC%95%A4%EB%8D%94%EC%8A%A8&frameFilterType=1&frameFilterValue=2195637, 나탈리 앤더슨,신영미디어,"순진한 신데렐라를 깨우는 장미 향기!

힘든 처지에 있는 사람을 그냥 지나치지 못하는 그레이스. 그녀는 이웃의 부탁으로 으리으리한 호숫가 대저택 정원에 물을 주는 일을 하게 된다. 그런데 꽃에 물을 주다 저택 주인 라파엘과 마주치고, 엉겁결에 파티에 가던 그를 물로 흠뻑 적셔 버린다! 쫄딱 젖은 채 불법 침입자라고 그녀를 몰아붙이는 라파엘. 그런데 그가 갑자기 무슨 바람이 불었는지, 다 용서해 줄 테니 자신과 함께 파티에 참석해 달라고 그녀를 꼬시기 시작하는데….

정직하게 대답해 봐…"
최강 현령. 10(완결),"7,200원(-10%)",https://bookthumb-phinf.pstatic.net/cover/163/270/16327011.jpg?type=m1&udate=Tue Apr 14 00:49:01 KST 2020,http://book.naver.com/search/search.nhn?query=%ED%99%8D%EC%A0%95%ED%91%9C&frameFilterType=1&frameFilterValue=18657, 홍정표,어울림,"첫사랑의 한 마디에 인생 목표를 세웠다.

“조, 좋아! 그럼 나는 커서 현령 어른이 될 거야!”

꿈에 그리던 현령이 되었지만
첫사랑은 결국 이루어지지 않고

부임하자마자 무림의 사건에 휘말리게 되는데…

“현령 장우강을 종5품 무림 감찰어사로 명한다!”

최강의 현령이자 무림어사 장우강!
나라의 안위를 위해 무림을 평정하라!!"
비화야담 2,"10,800원(-10%)",https://bookthumb-phinf.pstatic.net/cover/163/198/16319888.jpg?type=m1&udate=Tue Apr 14 00:49:01 KST 2020,http://book.naver.com/search/search.nhn?query=%EB%B0%B1%EC%8A%B9%EB%A6%BC&frameFilterType=1&frameFilterValue=3926872, 백승림,동아,
눈먼 자들의 키스(할리퀸 로맨스 HR 276),"4,680원(-10%)",https://ssl.pstatic.net/static/book/image/juvenile_pest_82X116.gif&udate=Tue Apr 14 00:49:01 KST 2020,http://book.naver.com/search/search.nhn?query=%EB%82%98%EC%9D%B4%EB%A7%88+%EC%8B%9C%EB%AA%AC&frameFilterType=1&frameFilterValue=4665227, 나이마 시몬,신영미디어,"♣ 이달의 추천작
모든 것을 가려 주는 어둠 속에서…

홀로 어렵게 아이를 키우던 이소벨은 죽은 남편의 가족에게 도움을 청하기로 결심하고 시댁 식구가 참석하는 파티에 찾아간다. 그러나 갑작스럽게 정전이 되고, 어둠 속에서 공황 발작에 빠진 남자를 도와주게 된 그녀. 다행히 이소벨의 도움으로 남자는 조금씩 진정하고, 즐거운 대화를 나누던 두 사람은 진한 스킨십까지 갖는다. 그러나 어둠이 걷히고 상대방의 정체를 알게 된 그녀는 얼어붙는다! 그렇게 잘 맞았던 남자가 바로 그녀가 친구를 죽음으로 몰아넣었다고 비난을 퍼"
못생겨도 천하제일. 5,"7,200원(-10%)",https://bookthumb-phinf.pstatic.net/cover/163/270/16327012.jpg?type=m1&udate=Tue Apr 14 00:49:01 KST 2020,http://book.naver.com/search/search.nhn?query=%EC%9E%A5%EC%9D%80%EC%84%B1&frameFilterType=1&frameFilterValue=12916, 장은성,어울림,"못난 외모로 세상과 단절되어 살던 유진!
믿었던 애인에게 배신당하고 자살을 선택하는데…

“천권성(天權星)…이요?”

북두칠성의 힘으로 오가장의 여식으로 환생한다.
하지만 환생한 오유진 역시 추녀였다.

 “변할 거야. 변한다.”

그런 그녀가 이젠 변하려고 한다.

추녀에서 미녀로!
삼류세가 오가장을 천하제일세가로!
그리고 무극에 도달하여 천하제일인이 될 수 있을까?"
허즈번드 1,"11,700원(-10%)",https://bookthumb-phinf.pstatic.net/cover/163/240/16324035.jpg?type=m1&udate=Tue Apr 14 00:49:01 KST 2020,http://book.naver.com/search/search.nhn?query=%ED%99%A9%ED%95%9C%EC%98%81&frameFilterType=1&frameFilterValue=3362834, 황한영,가연,
황금 나침반,"19,800원(-10%)",https://bookthumb-phinf.pstatic.net/cover/162/980/16298002.jpg?type=m1&udate=Tue Apr 14 00:49:01 KST 2020,http://book.naver.com/search/search.nhn?query=%ED%95%84%EB%A6%BD+%ED%92%80%EB%A8%BC&frameFilterType=1&frameFilterValue=6000004757, 필립 풀먼,에프(F),"세계의 걸작들이 ‘그래픽노블’로 거듭나고 있다!『시녀 이야기』, 『앵무새 죽이기』, 『모비 딕』, 『기억 전달자』, 『스피크』 -이 작품들의 공통점은 무엇일까? 바로 오래전 출간되어 큰 호응을 얻었던 소설들이 그래픽노블이라는 새 옷을 입고 독자들을 다시 찾아왔다는 점이다.
소설처럼 밀도 있는 텍스트에 만화의 시각적 요소를 접목시킨 ‘그래픽노블(GRAPHIC NOVEL)’은 이제 엄연한 하나의 장르로 자리매김하며 시각 예술로 인정받고 있다. 이전에는 특정 독자층을 타깃으로 하는 마블 코믹스나 DC 코믹스 등이 강"
고요함 동물,"12,600원(-10%)",https://bookthumb-phinf.pstatic.net/cover/163/214/16321447.jpg?type=m1&udate=Tue Apr 14 00:49:01 KST 2020,http://book.naver.com/search/search.nhn?query=%EB%B0%95%EC%86%94%EB%AB%BC&frameFilterType=1&frameFilterValue=5000020721, 박솔뫼,창비,"“탐정 고양이 차미,
내가 사는 나의 방에 내가 나타나게 도와줘! 나를 해결해줘!”
미로 같은 일상, 수상한 기미와 징조들
박솔뫼가 선사하는 새로운 앨리스와 이상한 나라박솔뫼가 이번에는 ‘고양이’를 품에 안고 돌아왔다. 전위적인 실험성과 탐미적인 언어와 고유의 스타일로 2009년 작품활동을 시작한 이래 끊임없는 주목을 받아온 박솔뫼의 『고요함 동물』이 창비 ‘소설Q’ 시리즈의 여섯번째 소설로 출간되었다. 평범한 일상을 살던 ‘나’의 고양이 ‘차미’는 어느날 불현듯 탐정이 되기로 한다. 탐정 고양이"
브로맨스 북클럽,"13,320원(-10%)",https://bookthumb-phinf.pstatic.net/cover/163/239/16323970.jpg?type=m1&udate=Tue Apr 14 00:49:01 KST 2020,http://book.naver.com/search/search.nhn?query=%EB%A6%AC%EC%82%AC+%EC%BC%80%EC%9D%B4+%EC%95%A0%EB%8D%A4%EC%8A%A4&frameFilterType=1&frameFilterValue=4665941, 리사 케이 애덤스,황금시간,"★아마존 에디터 선정, 2019년 로맨스 소설 1위!★
“북클럽의 첫 번째 규칙은, 
북클럽에 대해 발설하지 않는다.”
세상에서 가장 은밀한 북클럽의 연애고수 만들기 프로젝트
현실 커플의 공감 백배 섹시 로맨틱 코미디누군가에게 ‘연애를 글로 배운 사람’이라고 한다면, 그것은 ‘연애 관계를 유지하는 데 필요한 제대로 된 커뮤니케이션도 못하고, 상대방의 마음도 잘 모르며, 계속 연애에 실패하는 사람’이라는 걸 에둘러 말하는 것일 터. 그러나 여기, 연인과 좋은 관계를 잘 유지하고 연애를 잘 하"
내가 축구를 못하는 건 환경 탓이야. 6,"7,200원(-10%)",https://bookthumb-phinf.pstatic.net/cover/163/275/16327501.jpg?type=m1&udate=Tue Apr 14 00:49:01 KST 2020,http://book.naver.com/search/search.nhn?query=%EA%B9%80%ED%83%9C%EC%99%95&frameFilterType=1&frameFilterValue=4626896, 김태왕,어울림출판사,"어려운 가정형편으로 꿈을 포기한 동현.
그럼에도 축구에 대한 미련을 버리긴 어려웠다.

“축구…하고 싶어요.”

꿈속에 찾아온 사랑하는 가족들.
옥황상제가 허락한 능력을 선물하는데…

“입단 테스트 한번 받아볼래?”

포기했던 꿈을 향해 달려간다.
최강 플레이어의 전설이 시작된다!"
허즈번드 2,"11,700원(-10%)",https://bookthumb-phinf.pstatic.net/cover/163/240/16324037.jpg?type=m1&udate=Tue Apr 14 00:49:01 KST 2020,http://book.naver.com/search/search.nhn?query=%ED%99%A9%ED%95%9C%EC%98%81&frameFilterType=1&frameFilterValue=3362834, 황한영,가연,
범죄의 붉은 실(양장본 HardCover),"13,500원(-10%)",https://bookthumb-phinf.pstatic.net/cover/163/214/16321470.jpg?type=m1&udate=Tue Apr 14 00:49:01 KST 2020,http://book.naver.com/search/search.nhn?query=%EB%AF%B8%EC%8A%A4%ED%84%B0+%ED%8E%AB&frameFilterType=1&frameFilterValue=3866842, 미스터 펫,엘릭시르,"타이완 추리작가협회상 수상!
아주 사소한 계기로 사람의 마음은 범죄에 물들어간다.“작든 크든 자기가 원하는 것을 얻기 위해서 수단을 가리지 않는 게 바로 인간이야.”
정체성을 야금야금 갉아먹은 친구와의 재회, 사랑하는 사람을 잃은 분노, 거짓말쟁이 애인의 기만, 거부할 수 없는 상사의 명령 등 하나의 계기만 있다면 누구나 범죄에 발을 들일 수 있다.

타이완 본격 추리소설의 선두 주자 미스터 펫의 엘릭시르 오리지널 단편집 『범죄의 붉은 실』이 출간되었다. 트릭과 수수께끼 풀이라는 미스터리"
다시 태어나도 그 놈은 피해라. 6,"7,200원(-10%)",https://bookthumb-phinf.pstatic.net/cover/163/275/16327502.jpg?type=m1&udate=Tue Apr 14 00:49:01 KST 2020,http://book.naver.com/search/search.nhn?query=%EB%91%90%EA%B2%BD&frameFilterType=1&frameFilterValue=2464663, 두경,어울림출판사,"믿었던 모두가 배신자였다.
아내마저 배신하고 
친구는 인생을 조종했다.

운명은 시간을 14년 전으로 되돌리고
복수할 기회를 주는데........

과거로 돌아와버린 한우진
철저하게 짓밟힌 인생을 되찾고자 한다."
가짜 남편 1,"8,100원(-10%)",https://bookthumb-phinf.pstatic.net/cover/163/208/16320858.jpg?type=m1&udate=Tue Apr 14 00:49:01 KST 2020,http://book.naver.com/search/search.nhn?query=%EC%9D%B4%EC%9C%A4%EC%A0%95&frameFilterType=1&frameFilterValue=1135, 이윤정,다향,
가짜 남편 2,"8,100원(-10%)",https://bookthumb-phinf.pstatic.net/cover/163/208/16320860.jpg?type=m1&udate=Tue Apr 14 00:49:01 KST 2020,http://book.naver.com/search/search.nhn?query=%EC%9D%B4%EC%9C%A4%EC%A0%95&frameFilterType=1&frameFilterValue=1135, 이윤정,다향,
시스템으로 이계 귀환 7,"7,200원(-10%)",https://bookthumb-phinf.pstatic.net/cover/163/263/16326389.jpg?type=m1&udate=Tue Apr 14 00:49:01 KST 2020,http://book.naver.com/search/search.nhn?query=%ED%83%81%EB%AA%A9%EC%A1%B0&frameFilterType=1&frameFilterValue=5000017989, 탁목조,파피루스(디앤씨미디어),
서녀명란전 5,"12,600원(-10%)",https://bookthumb-phinf.pstatic.net/cover/163/242/16324223.jpg?type=m1&udate=Tue Apr 14 00:49:01 KST 2020,http://book.naver.com/search/search.nhn?query=%EA%B4%80%EC%8B%AC%EC%A6%89%EB%9E%80&frameFilterType=1&frameFilterValue=4629148, 관심즉란,위즈덤하우스,
다 해먹는 배우님 9,"7,200원(-10%)",https://bookthumb-phinf.pstatic.net/cover/163/263/16326390.jpg?type=m1&udate=Tue Apr 14 00:49:01 KST 2020,http://book.naver.com/search/search.nhn?query=%EB%B2%94%ED%83%88&frameFilterType=1&frameFilterValue=4149384, 범탈,파피루스(디앤씨미디어),책 상세정보가 없습니다.
서녀명란전 6,"12,600원(-10%)",https://bookthumb-phinf.pstatic.net/cover/163/242/16324224.jpg?type=m1&udate=Tue Apr 14 00:49:01 KST 2020,http://book.naver.com/search/search.nhn?query=%EA%B4%80%EC%8B%AC%EC%A6%89%EB%9E%80&frameFilterType=1&frameFilterValue=4629148, 관심즉란,위즈덤하우스,
갑질하는 영주님. 18,"7,200원(-10%)",https://bookthumb-phinf.pstatic.net/cover/163/269/16326937.jpg?type=m1&udate=Tue Apr 14 00:49:01 KST 2020,http://book.naver.com/search/search.nhn?query=%EC%9E%A5%EB%8C%80%EC%88%98&frameFilterType=1&frameFilterValue=2227474, 장대수,로크미디어,"『디 임팩트』 『더 프레지던트』의 장대수 신작
중독성 갑, 재미의 갑질이 시작된다!

외계인의 침략에 맞서다 
워프기 속에서 산산이 분해된 민병대장 박현성
푸른 눈의 어리고 약한 소년 영주
이안으로 깨어나다!

뭐, 빚쟁이 영지에 꼭두각시 영주라고?

뿌리부터 썩은 영지를 바꿔라!
탐관오리들에겐 몽둥이찜질을 내리고
영지를 노략질하던 해적은 털어먹고
사람 목숨 가지고 노는 흑마법사에겐
가차 없는 참교육과 죽음을!

고대"
음악의신들과 함께한다.  5,"7,200원(-10%)",https://bookthumb-phinf.pstatic.net/cover/163/269/16326938.jpg?type=m1&udate=Tue Apr 14 00:49:01 KST 2020,http://book.naver.com/search/search.nhn?query=%EC%9D%B4%ED%95%9C%EC%84%B1&frameFilterType=1&frameFilterValue=11376, 이한성,로크미디어,"못 나가던(?) 싱어송라이터
뮤지션의 정점에서 세상을 노래하다!
가망 없는 싱어송라이터의 꿈을 접고
영세 엔터테인먼트의 사장이 된 한지혁,
소속 가수를 구하려다 사망……
눈떠 보니 과거로 돌아왔다?

음악의 신들이 당신의 뒤에서 웃음 짓습니다

귀 밝은 악성, ‘들리지 않는 예술가’
전설의 기타리스트, ‘여섯 현의 마술사’
록밴드의 신화, ‘또 하나의 여왕’
매력 넘치는 신들과 함께라면 어떤 장르든 OK!

건드리는 음악마다 히트,"
동물농장,"6,930원(-10%)",https://bookthumb-phinf.pstatic.net/cover/163/240/16324003.jpg?type=m1&udate=Tue Apr 14 00:49:01 KST 2020,http://book.naver.com/search/search.nhn?query=%EC%A1%B0%EC%A7%80+%EC%98%A4%EC%9B%B0&frameFilterType=1&frameFilterValue=6000003747, 조지 오웰,스타북스,"타임지와 뉴스위크, BBC가 주목한 가장 중요한 작가!
모든 동물은 평등하다? 그러나, 어떤 동물은 더더욱 평등하다!!
인간이라면 꼭 한 번은 읽어야 할 자유를 위한 예리한 풍자소설《동물농장》은 오웰의 작품 중 유일하게 유머가 가득한 작품으로 봐도 좋은데, 간결한 문체와 예리한 풍자가 돋보이는 소설로 사회 비판적 역할에 대한 고민이 담긴 인간 사랑에 대한 명작이다. 이것은 그의 아내 아일린 오쇼네시의 영향이라고 한다. 오웰은 아내와 이런저런 의견을 교환하면서 동물 농장을 썼고 그 결과로 드물게 대중친화적"
게을러서 차원최강 5,"7,200원(-10%)",https://bookthumb-phinf.pstatic.net/cover/163/248/16324891.jpg?type=m1&udate=Tue Apr 14 00:49:01 KST 2020,http://book.naver.com/search/search.nhn?query=%EA%B3%A0%EB%9E%AD%EC%A7%80&frameFilterType=1&frameFilterValue=2370783, 고랭지,영상출판미디어(영상노트),
태상교주 숙수되다 4,"7,200원(-10%)",https://bookthumb-phinf.pstatic.net/cover/163/248/16324894.jpg?type=m1&udate=Tue Apr 14 00:49:01 KST 2020,http://book.naver.com/search/search.nhn?query=%EB%A7%9B%EC%9E%88%EB%8A%94%EC%9A%94%EB%A6%AC&frameFilterType=1&frameFilterValue=4322618, 맛있는요리,영상출판미디어(영상노트),
릿터 Littor 2020.4/5  ,"9,000원(-10%)",https://bookthumb-phinf.pstatic.net/cover/163/258/16325844.jpg?type=m1&udate=Tue Apr 14 00:49:01 KST 2020,http://book.naver.com/search/search.nhn?query=%ED%8E%B8%EC%A7%91%EB%B6%80&frameFilterType=1&frameFilterValue=18, 편집부,민음사,"읽고 쓰는 ‘릿한’ 사람들을 위한 잡지 『LITTOR(릿터)』. 문학을 읽어 왔던 이들에게는 즐거운 읽을거리가, 문학을 멀리했던 이들에게는 새로운 즐길 거리가 되고자 한다. 민음사 출판그룹의 모든 편집자가 기획에 참여하여 독자의 읽기 감각을 자극하고 새로운 독자를 발굴하는 편집을 보여 주고자 한다. 무엇보다 예전부터 지금까지 그리고 앞으로도 문학은 계속해서 읽을 만하며, 읽어야 하며, 읽기에 즐거운 것이라는 점을 증명하고자 한다."
우린 괜찮아,"13,050원(-10%)",https://bookthumb-phinf.pstatic.net/cover/163/223/16322346.jpg?type=m1&udate=Tue Apr 14 00:49:01 KST 2020,http://book.naver.com/search/search.nhn?query=%EB%8B%88%EB%82%98+%EB%9D%BC%EC%BF%A0%EB%A5%B4+%EC%A0%80&frameFilterType=1&frameFilterValue=4665563, 니나 라쿠르 저,든,"“난 지금도 네 생각을 해.”
2018 마이클 프린츠상 수상작마린은 침대 위에 누워 메이블을 기다리고 있다. 지난 기억을 떠올리며. 목구멍을 타고 넘어가던 뜨거운 위스키 향, 메이블의 짭짤한 입술 맛, 메이블과 흙바닥을 뒹군 뒤 거지꼴로 나타난 자신을 보고도 별말 않던 할아버지의 따스한 눈길 같은 것들을. 유일한 가족인 할아버지가 거대한 파도 속으로 사라져버린 뒤 마린은 모든 걸 내팽개치고 이곳 뉴욕으로 숨는 것을 택했다. 걱정할 것을 뻔히 알면서도 연락 한 번 하지 않은 자신을 메이블이 용서해줄 리 없었다."
2020 제11회 젊은작가상 수상작품집,"4,950원(-10%)",https://bookthumb-phinf.pstatic.net/cover/163/198/16319880.jpg?type=m1&udate=Tue Apr 14 00:49:01 KST 2020,http://book.naver.com/search/search.nhn?query=%EA%B0%95%ED%99%94%EA%B8%B8&frameFilterType=1&frameFilterValue=5000032268, 강화길,문학동네,"2020년, 내일을 상상케 하는 눈부신 터닝 포인트!  등단 10년 이하의 젊은 작가들이 한 해 동안 발표한 중단편소설 중 가장 눈부신 성취를 보여준 일곱 편의 작품에 수여하는 젊은작가상. 지난 10년간 독자들과 상호작용하며 굳건한 신뢰를 쌓아온 이 상이 2020년대로 진입한 첫해 새로이 호명한 수상자는 강화길 최은영 김봉곤 이현석 김초엽 장류진 장희원이다. 다시 한번 젊은작가상을 거머쥔 작가들의 탄탄한 행보와 낯선 기대를 품게 하는 신예 작가들의 신선한 기운이 한 권의 책 속에서 조"
데미안,없음,https://bookthumb-phinf.pstatic.net/cover/163/266/16326639.jpg?type=m1&udate=Tue Apr 14 00:49:01 KST 2020,http://book.naver.com/search/search.nhn?query=%ED%97%A4%EB%A5%B4%EB%A7%8C+%ED%97%A4%EC%84%B8&frameFilterType=1&frameFilterValue=2086701, 헤르만 헤세,해성전자북,"헤세는 이른바 초기의 작품에서 후기로 전환하는데 이《데미안》의 다리를 건너간 것이다. 연대적으로도 그 중심이 되는 1919년 1차 대전 직후에 발표된 것이다. 누구도《데미안》을 읽고 얼핏 그것이 헤세의 작품이라고 말하지 못한다.(그의 초기 작품만을 읽은 독자에게 있어서), 그만큼《데미안》은 헤세의 인간과 문학에 뚜렷한 획을 그은 것이다."
쏘지마라 아군이다! 10,"7,200원(-10%)",https://bookthumb-phinf.pstatic.net/cover/163/242/16324241.jpg?type=m1&udate=Tue Apr 14 00:49:01 KST 2020,http://book.naver.com/search/search.nhn?query=%ED%86%A0%EC%9D%B4%EC%B9%B4&frameFilterType=1&frameFilterValue=3161582, 토이카,인타임,
산매리저수지,"14,400원(-10%)",https://bookthumb-phinf.pstatic.net/cover/163/247/16324792.jpg?type=m1&udate=Tue Apr 14 00:49:01 KST 2020,http://book.naver.com/search/search.nhn?query=%EA%B9%80%EC%A3%BC%EC%95%99&frameFilterType=1&frameFilterValue=2312787, 김주앙,누림과이룸,"탄탄대로를 걷고 있는 한 정치인에게 날아온 괴메시지,
그가 저지른 완전 범죄‘암수살인’을 누군가 목격했다! 
아무도 몰라야 했던 16년 전의 살인과 목격자!

“그는 과연 누구인가?” 
“도대체 왜, 지금에 와서야 목격한 사실을 알리는가?”

수사기관이나 목격자가 범인을 추적해가는 일반적인 범죄소설과는 달리 
범인이 목격자를 추리해가는 과정을 다루는 새로운 시각의 범죄 추리소설!
“국민의 생명과 민주주의를 저수지에 수장시킨 대한민국의 정치 알레고리”를 담다!"
영양만두를 먹는 가족,"11,700원(-10%)",https://bookthumb-phinf.pstatic.net/cover/163/149/16314966.jpg?type=m1&udate=Tue Apr 14 00:49:01 KST 2020,http://book.naver.com/search/search.nhn?query=%EC%9D%B4%EC%9E%AC%EC%B0%AC&frameFilterType=1&frameFilterValue=5000026360, 이재찬,네오픽션,"오늘의 작가상 · 네오픽션상 수상 작가
이재찬 신작 장편소설
“죽느냐 사느냐가 아니라 
죽을 수도 없고 살 수도 없는 게 문제지.”
섬세하고 강렬한 미스터리“강렬하고 가혹”하며 “잘 썼다, 라는 말이 절로 나오게 만드는” “소설의 읽는 맛을 제대로 보여준 놀라운 신예 작가”라는 찬사를 받고 오늘의 작가상과 그 이듬해에 네오픽션상을 휩쓸며 등장한 이재찬 작가의 신작 장편소설이 네오픽션에서 출간되었다. 전작 『펀치』와 『안젤라 신드롬』을 통해 놀라운 성취를 보여준 작가는 『영양만두를 먹는 가족"
도서관을 떠나는 책들을 위하여,"11,700원(-10%)",https://bookthumb-phinf.pstatic.net/cover/163/186/16318682.jpg?type=m1&udate=Tue Apr 14 00:49:01 KST 2020,http://book.naver.com/search/search.nhn?query=%EC%98%A4%EC%88%98%EC%99%84&frameFilterType=1&frameFilterValue=53866, 오수완,나무옆의자,"2020년 제16회 세계문학상 수상작인 오수완의 장편소설. 세계문학상은 2005년 첫 수상작 <미실>(김별아)을 필두로 <아내가 결혼했다>(박현욱), <스타일>(백영옥), <내 심장을 쏴라>(정유정), <보헤미안 랩소디>(정재민), <저스티스맨>(도선우), <로야>(다이앤 리) 등 작가적 개성과 동시대성을 고루 갖춘 작품들을 배출하며 매년 화제를 모았다. 

올해 수상작 <도서관을 떠나는 책들을 위하여>는 가상의 도서관에 소장된 가상"
역대급 문지기. 14,"7,200원(-10%)",https://bookthumb-phinf.pstatic.net/cover/163/215/16321555.jpg?type=m1&udate=Tue Apr 14 00:49:01 KST 2020,http://book.naver.com/search/search.nhn?query=%EB%82%98%ED%95%9C&frameFilterType=1&frameFilterValue=5000006369, 나한,로크미디어,"""『궁신』 『황금가』 나한의 파격 신작!
인류 최강의 전사, 역대급 문지기의 강력 배틀 액션!

마물들의 침입, ‘스탬피드’를 막는 최후의 문지기 역시우
이혼대법으로 육체를 떠나 숙주를 찾던 중에
재벌 2세 진이하의 몸으로 빙의한다!
기쁨도 잠시, 마약중독으로 정신병원에 갇힌 신세가 되는데……

체질 개선, 마약중독 탈출, 정신병원 퇴원
할 일은 산더미에 시간은 흘러 흘러
게이트를 넘어온 마물들은 서서히 대한민국을 장악해
여기저기서 의문의 사고가 일어나고"
마탄의 사수 38,"7,200원(-10%)",https://bookthumb-phinf.pstatic.net/cover/163/242/16324238.jpg?type=m1&udate=Tue Apr 14 00:49:02 KST 2020,http://book.naver.com/search/search.nhn?query=%EC%9D%B4%EC%88%98%EB%B0%B1&frameFilterType=1&frameFilterValue=1339607, 이수백,인타임,
작은 아씨들,"11,520원(-10%)",https://bookthumb-phinf.pstatic.net/cover/163/210/16321028.jpg?type=m1&udate=Tue Apr 14 00:49:02 KST 2020,http://book.naver.com/search/search.nhn?query=%EB%A3%A8%EC%9D%B4%EC%9E%90+%EB%A9%94%EC%9D%B4+%EC%98%AC%EC%BD%A7&frameFilterType=1&frameFilterValue=2240, 루이자 메이 올콧,자화상,"네 명의 작은 아씨들이 그려내는
아름답고 가슴 따뜻한 이야기“오늘 일을 잊지 말고 영혼을 바쳐 굳게 결심해야 해. 다시는 이런 일을 하지 않겠다고 말이야. 조, 우리 모두 저마다 시험에 든단다. 너보다 더 큰 시험에 드는 사람들도 있어. 그 시험을 이겨내느라 평생을 바치는 경우도 많아.”

_본문 중에서"
작은 아씨들 1,"5,310원(-10%)",https://bookthumb-phinf.pstatic.net/cover/163/213/16321397.jpg?type=m1&udate=Tue Apr 14 00:49:02 KST 2020,http://book.naver.com/search/search.nhn?query=%EB%A3%A8%EC%9D%B4%EC%9E%90+%EB%A9%94%EC%9D%B4+%EC%98%AC%EC%BD%A7&frameFilterType=1&frameFilterValue=2240, 루이자 메이 올콧,자화상,
마법은 괜히 배워서 20/완결,"7,200원(-10%)",https://bookthumb-phinf.pstatic.net/cover/163/242/16324239.jpg?type=m1&udate=Tue Apr 14 00:49:02 KST 2020,http://book.naver.com/search/search.nhn?query=%EB%8F%99%EC%9D%80&frameFilterType=1&frameFilterValue=2090210, 동은,인타임,
작은 아씨들 2,"5,310원(-10%)",https://bookthumb-phinf.pstatic.net/cover/163/213/16321398.jpg?type=m1&udate=Tue Apr 14 00:49:02 KST 2020,http://book.naver.com/search/search.nhn?query=%EB%A3%A8%EC%9D%B4%EC%9E%90+%EB%A9%94%EC%9D%B4+%EC%98%AC%EC%BD%A7&frameFilterType=1&frameFilterValue=2240, 루이자 메이 올콧,자화상,
회귀하니 스탯이 두배 3,"7,200원(-10%)",https://bookthumb-phinf.pstatic.net/cover/163/242/16324240.jpg?type=m1&udate=Tue Apr 14 00:49:02 KST 2020,http://book.naver.com/search/search.nhn?query=%EC%8B%A0%EC%9C%A8&frameFilterType=1&frameFilterValue=613683, 신율,인타임,
이노센트 와이프,"13,500원(-10%)",https://bookthumb-phinf.pstatic.net/cover/163/141/16314182.jpg?type=m1&udate=Tue Apr 14 00:49:02 KST 2020,http://book.naver.com/search/search.nhn?query=%EC%97%90%EC%9D%B4%EB%AF%B8+%EB%A1%9C%EC%9D%B4%EB%93%9C&frameFilterType=1&frameFilterValue=4663794, 에이미 로이드,흐름출판,"“너는 그를 믿잖아. 그런데 왜 불안해하지?”
★ 〈나를 찾아줘〉 제작사 영화화 확정!
★ 〈데일리메일〉 퍼스트 노벨 컴피티션
★ 〈선데이타임스〉 베스트셀러
★ 전 세계 15개국 번역 출간〈데일리메일〉 퍼스트 노벨 컴피티션 수상작으로 화려하게 데뷔한 에이미 로이드의 첫 장편 소설 《이노센트 와이프》가 드디어 한국에서 출간되었다. 출간 즉시 〈선데이타임스〉 베스트셀러에 오르며 이미 전 세계 스릴러 독자들에게 검증받은 이 책은 《잭 리처》시리즈의 저자 리 차일드로부터 “첫 줄부터 불길한 음악이"
금오신화(큰글씨책)(한국 문학 읽다),"24,300원(-10%)",https://bookthumb-phinf.pstatic.net/cover/163/200/16320038.jpg?type=m1&udate=Tue Apr 14 00:49:02 KST 2020,http://book.naver.com/search/search.nhn?query=%EA%B9%80%EC%8B%9C%EC%8A%B5&frameFilterType=1&frameFilterValue=5000003469, 김시습,정씨책방,"“한국 최초의 한문소설”
 
≪금오신화 金鰲新話≫에 실린 5편의 단편소설은, 당대의 사회적 횡포와 이념적 허위를 공격하는 성향을 지니고 있다. 이것들은 김시습의 사상을 검증하는 호재(好材)로 제공되어 왔다. 그러나 「남염부주지(南炎浮洲志)」를 제외한 그 밖의 것들은 모두 감미로운 시적 분위기로 엮어진 괴기담(怪奇譚)이다.

일러두기
큰글씨책은 저시력자 및 어르신들 모두 편하게 읽을 수 있도록 큰글씨책에 맞는 가독성 살린 편집과 디자인으로 본문 및 글자 크기를 크게 하여 만든 책입니다."
파왕소람,"7,200원(-10%)",https://bookthumb-phinf.pstatic.net/cover/163/234/16323432.jpg?type=m1&udate=Tue Apr 14 00:49:02 KST 2020,http://book.naver.com/search/search.nhn?query=%EA%B9%80%EA%B8%B0&frameFilterType=1&frameFilterValue=2125221, 김기,동아,"김기 신무협 장편소설. “술법의 세계 또한 방대하고 심오하다 들었다. 그 안에 네가 찾고자 하는 해답이 있을 수도 있겠구나.” 천 년 동안 대성한 자가 없는 ‘천뢰신공’. 연씨금창부 후예 연소람은 그 난제를 풀기 위해 운남성에 은거한 술법문파 ‘신기밀문’을 방문한다. 신기밀문 문주의 아들, 천재 술법자 단우관을 만나 우정을 나누고 무공과 술법을 교류하는 연소람. 하지만 단우관의 외숙부 대독흠은 야망에 불타 신기밀문을 삼킨 뒤 무림을 지배하고자 하고, 소람과 우관은 목숨을 건 도피행에 나서는데. 단철의 무공과 영검의 술법이 함께할 때"
금오신화(1318 청소년문고 22),"12,420원(-10%)",https://bookthumb-phinf.pstatic.net/cover/163/200/16320041.jpg?type=m1&udate=Tue Apr 14 00:49:02 KST 2020,http://book.naver.com/search/search.nhn?query=%EA%B9%80%EC%8B%9C%EC%8A%B5&frameFilterType=1&frameFilterValue=5000003469, 김시습,미니책방,"“한국 최초의 한문소설”
 
≪금오신화 金鰲新話≫에 실린 5편의 단편소설은, 당대의 사회적 횡포와 이념적 허위를 공격하는 성향을 지니고 있다. 이것들은 김시습의 사상을 검증하는 호재(好材)로 제공되어 왔다. 그러나 「남염부주지(南炎浮洲志)」를 제외한 그 밖의 것들은 모두 감미로운 시적 분위기로 엮어진 괴기담(怪奇譚)이다.

20세기 세계 문학을 대표하는 작가들의 작품들을 엄선한 「1318 청소년문고」 는 문학의 고전을 살아 있는 동시대의 문학으로 청소년들이 읽을 수 있도록 구성한 시리즈이다. 청소년들이"
축구화 신은 고강휘 5,"7,200원(-10%)",https://bookthumb-phinf.pstatic.net/cover/163/234/16323428.jpg?type=m1&udate=Tue Apr 14 00:49:02 KST 2020,http://book.naver.com/search/search.nhn?query=%EC%98%A8%ED%95%84%EC%88%98&frameFilterType=1&frameFilterValue=4395676, 온필수,동아,
무림서차원 8,"7,200원(-10%)",https://bookthumb-phinf.pstatic.net/cover/163/236/16323625.jpg?type=m1&udate=Tue Apr 14 00:49:02 KST 2020,http://book.naver.com/search/search.nhn?query=%EA%B3%A0%EB%93%A0.M&frameFilterType=1&frameFilterValue=4552700, 고든.M,마야&마루,
재벌집 망나니 7대독자 5,"7,200원(-10%)",https://bookthumb-phinf.pstatic.net/cover/163/234/16323433.jpg?type=m1&udate=Tue Apr 14 00:49:02 KST 2020,http://book.naver.com/search/search.nhn?query=%EC%95%A4%EC%84%9C&frameFilterType=1&frameFilterValue=2444741, 앤서,마야&마루,
살인의 쌍곡선,"13,500원(-10%)",https://bookthumb-phinf.pstatic.net/cover/163/187/16318711.jpg?type=m1&udate=Tue Apr 14 00:49:02 KST 2020,http://book.naver.com/search/search.nhn?query=%EB%8B%88%EC%8B%9C%EB%AC%B4%EB%9D%BC+%EA%B5%90%ED%83%80%EB%A1%9C&frameFilterType=1&frameFilterValue=2471811, 니시무라 교타로,한스미디어,"『십각관의 살인』 이전에 『살인의 쌍곡선』이 있었다!
누적판매 2억 부를 기록한 일본 ‘국민’ 추리소설가 니시무라 교타로의 대표작
아야츠지 유키토, 아리스가와 아리스 강력 추천!눈으로 고립된 호텔에서 벌어지는 연쇄살인, 
그리고 하나씩 사라지는 볼링 핀.
범인은 바로 이 안에 있다!

클로즈드 서클, 쌍둥이, 미싱 링크, 알리바이 공작 등 수수께끼가 가득한 본격 미스터리의 고전이자 교과서 
애거사 크리스티와 본격 추리소설을 사랑하는 독자,
〈나이브스 아웃〉을 재"
수라전설 독룡 17,"7,200원(-10%)",https://bookthumb-phinf.pstatic.net/cover/163/252/16325269.jpg?type=m1&udate=Tue Apr 14 00:49:02 KST 2020,http://book.naver.com/search/search.nhn?query=%EC%8B%9C%EB%8B%88%EC%96%B4&frameFilterType=1&frameFilterValue=64263, 시니어,드림북스,
회귀자의 그랜드슬램 15,"7,200원(-10%)",https://bookthumb-phinf.pstatic.net/cover/163/242/16324202.jpg?type=m1&udate=Tue Apr 14 00:49:02 KST 2020,http://book.naver.com/search/search.nhn?query=mensol&frameFilterType=1&frameFilterValue=4441737, mensol,로크미디어,
전생자 20,"7,200원(-10%)",https://bookthumb-phinf.pstatic.net/cover/163/252/16325216.jpg?type=m1&udate=Tue Apr 14 00:49:02 KST 2020,http://book.naver.com/search/search.nhn?query=%EB%82%98%EB%AF%BC%EC%B1%84&frameFilterType=1&frameFilterValue=10921, 나민채,드림북스,
살인번호: 55,없음,https://bookthumb-phinf.pstatic.net/cover/163/179/16317942.jpg?type=m1&udate=Tue Apr 14 00:49:02 KST 2020,http://book.naver.com/search/search.nhn?query=%EC%A0%9C%EC%9E%84%EC%8A%A4+%EB%93%A4%EB%9D%BC%EC%A7%80&frameFilterType=1&frameFilterValue=4664667, 제임스 들라지,밀리의 서재,"전 세계를 뒤흔든 최고의 추리 스릴러 작가 등장!
제임스 들라지의 문학성과 대중성을 겸비한 놀라운 추리 소설
‘살인 번호 55’라는 단서와 함께 치명적인 비밀이 파헤쳐진다! 
하나의 사건, 두 명의 살인 용의자가 있다. 두 사람은 자신이 “55번째 희생자가 되어 죽을 뻔했다”, 도망칠 때 언뜻 “여러 사람의 묘지를 목격했다”는 동일한 진술을 한다. 서로 상대가 살인자라 주장하지만 둘 중 하나만 진짜 살인자이고, 하나는 살해당할 뻔한 희생자다. 다만, 누가 진범일지 밝혀낼 증거가 전혀 없는 상황. 단서는 오직 ‘살인 번호"
청소년을 위한 천일야화,"13,410원(-10%)",https://bookthumb-phinf.pstatic.net/cover/163/186/16318655.jpg?type=m1&udate=Tue Apr 14 00:49:02 KST 2020,http://book.naver.com/search/search.nhn?query=%EC%95%A4%EB%93%9C%EB%A3%A8+%EB%9E%AD&frameFilterType=1&frameFilterValue=4154957, 앤드루 랭,서해문집,"책상 위 교양 시리즈 28권. 이슬람 세계와 아랍인들의 정서를 이해하는 데 빼놓을 수 없는 세계고전문학 『천일야화』를 청소년 독자의 눈높이에 맞게 엮었다. 복잡하게 구성된 방대한 이야기 가운데 「항해자 신드바드의 모험」 「알라딘과 요술 램프」 등 흥미진진한 이야기 12편을 엄선하되, 반복되고 늘어지는 부분은 적절히 생략해 지루함을 대폭 줄였다. 아울러 세밀하고 생동감 넘치는 삽화 40여 점, 이슬람 문화나 아랍의 지명과 관련된 낯선 용어에 대한 설명을 넣어 이해를 도왔다. 책 앞에는 이슬람 문화"
너를 읽는 순간(푸른도서관 83),"11,700원(-10%)",https://bookthumb-phinf.pstatic.net/cover/162/801/16280159.jpg?type=m1&udate=Tue Apr 14 00:49:02 KST 2020,http://book.naver.com/search/search.nhn?query=%EC%A7%84%ED%9D%AC&frameFilterType=1&frameFilterValue=2205767, 진희,푸른책들,"푸른도서관 83권. 제13회 푸른문학상을 수상하고 청소년소설집 <데이트하자!>를 통해 청소년 독자들에게 뜻깊은 울림을 선사한 진희 작가가 오랜만에 선보이는 장편소설이다. 전작 <데이트하자!>에서 ‘행복’을 주제로 청소년들을 향한 응원의 메시지를 전했다면, 신간 <너를 읽는 순간>에서는 냉정한 현실에서 살아가는 한 아이의 아픔과 외로움을 고스란히 보여 준다.

청소년소설 <너를 읽는 순간>은 부모에게 버림받아 기댈 곳 없이 홀로 살아가는 중학생 소녀 ‘영서’의 이야기를 중심으로"
철종 6,"7,200원(-10%)",https://bookthumb-phinf.pstatic.net/cover/163/233/16323368.jpg?type=m1&udate=Tue Apr 14 00:49:03 KST 2020,http://book.naver.com/search/search.nhn?query=%EA%B0%95%EB%8F%99%ED%98%B8&frameFilterType=1&frameFilterValue=16012, 강동호,로크미디어,
15만번의 챌린저. 12,"7,200원(-10%)",https://bookthumb-phinf.pstatic.net/cover/163/233/16323367.jpg?type=m1&udate=Tue Apr 14 00:49:03 KST 2020,http://book.naver.com/search/search.nhn?query=%EC%98%88%EC%A0%95%ED%9B%84&frameFilterType=1&frameFilterValue=4513002, 예정후,로크미디어,"천문학적 경험치의 전무후무 챌린저
또다시 미궁으로 뛰어들다!

미궁 최하층에 도달하면 소원을 이룰 수 있다!
지폐 한 장으로 시작한 악마와의 계약
이룰 수 없는 단 하나의 소원을 위해 미궁에 발을 내딛다
하지만 단 1층을 남겨 두고 좌절된 꿈

챌린저 ‘최제오’ 님.
귀하와의 계약이 아래의 사유로 종료되었음을 알려 드립니다.
사유 : 귀하의 파산

기적처럼 주어진 마지막 기회
15만 번의 경험치를 가진 최강의 도전자가 되어
미궁을 돌"
그녀에게 상냥해진 세상 1,"9,720원(-10%)",https://bookthumb-phinf.pstatic.net/cover/162/995/16299595.jpg?type=m1&udate=Tue Apr 14 00:49:03 KST 2020,http://book.naver.com/search/search.nhn?query=%EC%9D%80%EB%9D%BC%ED%95%9C&frameFilterType=1&frameFilterValue=4660384, 은라한,마야마루출판사,
그녀에게 상냥해진 세상 2,"9,720원(-10%)",https://bookthumb-phinf.pstatic.net/cover/162/995/16299596.jpg?type=m1&udate=Tue Apr 14 00:49:03 KST 2020,http://book.naver.com/search/search.nhn?query=%EC%9D%80%EB%9D%BC%ED%95%9C&frameFilterType=1&frameFilterValue=4660384, 은라한,마야마루출판사,
그녀에게 상냥해진 세상 3,"9,720원(-10%)",https://bookthumb-phinf.pstatic.net/cover/162/995/16299597.jpg?type=m1&udate=Tue Apr 14 00:49:03 KST 2020,http://book.naver.com/search/search.nhn?query=%EC%9D%80%EB%9D%BC%ED%95%9C&frameFilterType=1&frameFilterValue=4660384, 은라한,마야마루출판사,
그녀에게 상냥해진 세상 4,"10,620원(-10%)",https://bookthumb-phinf.pstatic.net/cover/162/995/16299598.jpg?type=m1&udate=Tue Apr 14 00:49:03 KST 2020,http://book.naver.com/search/search.nhn?query=%EC%9D%80%EB%9D%BC%ED%95%9C&frameFilterType=1&frameFilterValue=4660384, 은라한,마야마루출판사,
컴백 무황 9,"7,200원(-10%)",https://bookthumb-phinf.pstatic.net/cover/163/217/16321738.jpg?type=m1&udate=Tue Apr 14 00:49:03 KST 2020,http://book.naver.com/search/search.nhn?query=%EA%B8%B8%ED%8A%BC&frameFilterType=1&frameFilterValue=4568907, 길튼,어울림,
그녀에게 상냥해진 세상 세트(전4권),"39,780원(-10%)",https://bookthumb-phinf.pstatic.net/cover/162/999/16299923.jpg?type=m1&udate=Tue Apr 14 00:49:03 KST 2020,http://book.naver.com/search/search.nhn?query=%EC%9D%80%EB%9D%BC%ED%95%9C&frameFilterType=1&frameFilterValue=4660384, 은라한,마야마루출판사,"에스텔 후작가의 사생아
바하무르 사교계의 수치
로터스 에스텔.

외줄 타듯 위태로운 삶을 이어가던 중 짝사랑하는 이의 비수 같은 말에 모든 것이 무너져 내렸다.

더는 버틸 자신이 없어 스스로 목숨을 끊었는데,
눈을 뜨니 열일곱 살로 되돌아와 있었다.

앞으로는 누구에게도 마음 주는 일 없이,
조용히 지내다 집안에서 시키는 결혼이나 하자.

그런데 이상하다?
갑자기 친절해진 가족과 주변 사람들.
게다가 과거에 얽혔던 남자들이 이전과는"
"영주, 재벌이 되다 10","7,200원(-10%)",https://bookthumb-phinf.pstatic.net/cover/163/217/16321740.jpg?type=m1&udate=Tue Apr 14 00:49:03 KST 2020,http://book.naver.com/search/search.nhn?query=%EC%9D%BC%EA%B0%80&frameFilterType=1&frameFilterValue=3767309, 일가,어울림,
나를 팔로우 하지 마세요,"9,900원(-10%)",https://bookthumb-phinf.pstatic.net/cover/163/186/16318658.jpg?type=m1&udate=Tue Apr 14 00:49:03 KST 2020,http://book.naver.com/search/search.nhn?query=%EC%98%AC%EB%A6%AC%EB%B2%84+%ED%8F%BC%EB%A7%88%EB%B0%98&frameFilterType=1&frameFilterValue=3495385, 올리버 폼마반,뜨인돌출판사,"주인공 비는 인스타그램 스타다. 사람들은 비가 태어나던 날부터 비에 대한 모든 것을 알고 있다. 싱글 맘인 엄마가 딸 비의 이야기를 올리며 시작한 인스타그램 계정 ‘비의 연대기’ 때문. 팔로워가 15만 명을 넘어서고 있지만 비는 이 생활이 버겁다. 사생활이란 없는 일상, 유명세를 시기하거나 이용하려는 친구들이 넘쳐나는 중학교 생활. 무엇보다 ‘좋아요’를 얻기 위해 자신답지 않은 일을 해야 하는 게 너무 괴롭다. 그래서 비는 ‘비 팔로우 방해 작전’을 시작한다. 실패하면 자신의 인생은 인스타그램에 영원히 갇혀 버릴 것이라 생각하면서."
게임으로 성군이 되자 8,"7,200원(-10%)",https://bookthumb-phinf.pstatic.net/cover/163/217/16321741.jpg?type=m1&udate=Tue Apr 14 00:49:03 KST 2020,http://book.naver.com/search/search.nhn?query=%EB%8B%A4%EB%AC%BC&frameFilterType=1&frameFilterValue=2085343, 다물,어울림,
영주학개론. 9,"7,200원(-10%)",https://bookthumb-phinf.pstatic.net/cover/163/217/16321739.jpg?type=m1&udate=Tue Apr 14 00:49:03 KST 2020,http://book.naver.com/search/search.nhn?query=%EC%88%98%ED%98%B8&frameFilterType=1&frameFilterValue=3550377, 수호,어울림,"“사람 위에 사람 없고, 사람 밑에 사람 없다.”

세상과 타협하며 되는대로 살아가던 경찰 유도근.
불의의 사고로 인해 죽음을 맞이한다.
하지만 그가 새롭게 눈 뜬 곳은 엘 사드의 세계.

귀족이라는 신분을 가졌지만
인생의 밑바닥을 경험한 그가 
밑바닥에서 살아가는 사람들을 위해
스스로 밑바닥이 되어 그들과 함께 한다!"
아! 남궁세가 2,"7,200원(-10%)",https://bookthumb-phinf.pstatic.net/cover/163/205/16320551.jpg?type=m1&udate=Tue Apr 14 00:49:03 KST 2020,http://book.naver.com/search/search.nhn?query=%ED%92%8D%EB%B0%B1&frameFilterType=1&frameFilterValue=2022812, 풍백,영상출판미디어(영상노트),
여전히 파혼,"8,100원(-10%)",https://ssl.pstatic.net/static/book/image/juvenile_pest_82X116.gif&udate=Tue Apr 14 00:49:03 KST 2020,http://book.naver.com/search/search.nhn?query=%EB%B0%98%ED%95%B4&frameFilterType=1&frameFilterValue=2349166, 반해,다향,"“우린 여전히 파혼한 사이잖아요.”
집안의 미운 오리 새끼이자 잘나가는 방송 작가, 류다이.
뜻하지 않은 그와의 재회에 잔잔하던 일상이 크게 흔들린다.

“살벌하군. 당신이 파혼 얘길 꺼낸 날,
그래도 우리 꽤 애틋했던 것 같은데.”
오기일 게 분명한 그의 도발에 결국 평정심을 잃어버렸다.

“한 달 동안 여기서 지내려구요. 그리고 마음껏 괴롭히세요.”
다이는, 그저 하고 싶은 일을 하기 위해 파혼했을 뿐이었다.

“그래서 파혼한 게 자랑인가?”"
교리신학 연구,"17,820원(-10%)",https://bookthumb-phinf.pstatic.net/cover/163/274/16327420.jpg?type=m1&udate=Tue Apr 14 00:49:03 KST 2020,http://book.naver.com/search/search.nhn?query=%EB%A0%88%ED%94%84+%ED%86%A8%EC%8A%A4%ED%86%A0%EC%9D%B4&frameFilterType=1&frameFilterValue=6000000742, 레프 톨스토이,뿌쉬낀하우스,"각 시대별로 기독교 교리에 대한 문제제기는 항상 있어왔으며, 이것은 때로는 교회의 분열을 낳고, 여러 분파를 형성시키기도 했으며, 극단적이고 그릇된 해석으로 인해 숱한 이단을 만들어 내기도 했다. 많은 종교인, 신학자들이 이러한 교리를 연구해 왔으나, 현 시점, 즉 종교의 문제가 비단 종교인들만의 것이 아닌 사회적 문제로 비화될 수 있는 시점에 대문호 톨스토이가 바라본 기독교 교리에 관한 책은 커다란 의미를 가진다. 

레프 톨스토이의 작품 『전쟁과 평화』와 『부활』에서도 볼 수 있듯이 러시아정교는 러시아의 문화, 예"
금혼령 3,"12,600원(-10%)",https://bookthumb-phinf.pstatic.net/cover/163/196/16319643.jpg?type=m1&udate=Tue Apr 14 00:49:03 KST 2020,http://book.naver.com/search/search.nhn?query=%EC%B2%9C%EC%A7%80%ED%98%9C&frameFilterType=1&frameFilterValue=3001402, 천지혜,알에이치코리아,
혼자라는 건,"13,500원(-10%)",https://bookthumb-phinf.pstatic.net/cover/163/186/16318605.jpg?type=m1&udate=Tue Apr 14 00:49:03 KST 2020,http://book.naver.com/search/search.nhn?query=%EC%98%A4%EB%85%B8%EB%8D%B0%EB%9D%BC+%ED%9B%84%EB%AF%B8%EB%85%B8%EB%A6%AC&frameFilterType=1&frameFilterValue=4664774, 오노데라 후미노리,왼쪽주머니,"2019 서점대상 2위에 빛나는
따뜻하고 잔잔한 사람과 사람의 이야기욜요미모노 신인상, 포프라사 소설대상 우수상, 그리고 2019년도 서점대상 2위를 수상한 작가의 깊은 필력이 독자들의 마음을 잔잔하게 두드린다. 무시무시한 사건이 터지지도 않는다. 숨겨진 비밀도, 쫓고 쫓기는 긴박감도 없다. 그저 주인공의 1년이 계절별로 조용히 흐를 뿐이다. 그럼에도, 마음이 움직인다. 
먹는다는 것은 살기 위한 가장 원초적 행위. 이 가장 원초적이고 동물적인 행위에서 한발 물러서 자신의 허기를 참아 낸 주인공. 그리고"
봄의 여행자(양장본 HardCover),"11,520원(-10%)",https://bookthumb-phinf.pstatic.net/cover/163/012/16301205.jpg?type=m1&udate=Tue Apr 14 00:49:03 KST 2020,http://book.naver.com/search/search.nhn?query=%EB%AC%B4%EB%9D%BC%EC%95%BC%EB%A7%88+%EC%82%AC%ED%82%A4&frameFilterType=1&frameFilterValue=2090439, 무라야마 사키,소미미디어,"최고의 작가 콤비가 선사하는 일러스트 소설집! 『오후도 서점』으로 널리 알려진 작가 무라야마 사키의 미발표 작품을 포함한 세 가지 단편이 컬러 일러스트와 함께 돌아왔다. 단조로운 일상을 풍요롭게 만드는 주인공들은 따스한 용기를 건넨다. 일러스트레이터 게미의 그림과 함께 화려하게 수놓아진 페이지를 넘기다 보면, 어느덧 봄의 여행자가 벚꽃 아래서 독자를 기다리고 있다.

「꽃게릴라의 밤」
사유리는 늘 호주머니에 꽃씨나 작은 알뿌리를 가지고 다닌다. 
산책하는 척하며 온 마을에 씨앗을 뿌리는데……. 꽃게릴라"
트로이메라이(양장본 HardCover),"11,520원(-10%)",https://bookthumb-phinf.pstatic.net/cover/163/012/16301208.jpg?type=m1&udate=Tue Apr 14 00:49:03 KST 2020,http://book.naver.com/search/search.nhn?query=%EB%AC%B4%EB%9D%BC%EC%95%BC%EB%A7%88+%EC%82%AC%ED%82%A4&frameFilterType=1&frameFilterValue=2090439, 무라야마 사키,소미미디어,"『봄의 여행자』에 이은, 최고의 작가 콤비가 선사하는 일러스트 소설집 제 2탄! 『오후도 서점』으로 널리 알려진 작가 무라야마 사키의 미발표 작품을 포함한 세 가지 단편이 컬러 일러스트와 함께 돌아왔다. 단조로운 일상을 풍요롭게 만드는 주인공들은 따스한 용기를 건넨다. 일러스트레이터 게미의 그림과 함께 화려하게 수놓아진 페이지를 넘기다 보면, 환상적인 세계가 독자를 기다리고 있다.

「트로이메라이」
근미래, 로봇이 일상 속으로 들어온 세계.
마나미는 아빠와 로봇 오빠와 살고 있었는데……."
"슬라임을 잡으면서 300년, 모르는 사이에 레벨MAX가 되었습니다. 9(노블엔진(Novel Engine))","9,000원(-10%)",https://bookthumb-phinf.pstatic.net/cover/163/023/16302371.jpg?type=m1&udate=Tue Apr 14 00:49:03 KST 2020,http://book.naver.com/search/search.nhn?query=%EB%AA%A8%EB%A6%AC%ED%83%80+%ED%82%A4%EC%84%B8%EC%B8%A0&frameFilterType=1&frameFilterValue=2490589, 모리타 키세츠,영상출판미디어(영상노트),"300년 동안 슬라임을 잡았더니, 내가 슬라임이 됐습니다?!
사실은 여신님이 만든 작은 세계에서 말이죠.
돌아갈 수 있을지 조금(많이 불안하지만 즐겁게 지내 볼래요!
이번엔 머리카락을 잘라 본다거나(실연한 거 아니에요). 딸들과 데이트해 본다거나(진짜 행복해), 마족의 땅에서 스포츠(?)를 구경하고, 딸(슬라임)이 한 명 더 생기기도 합니다!
후반에는 하루카라 사장의 두근두근 ‘먹방’ 이야기, 〈엘프의 식사〉도 수록해서 전해드립니다!"
큰눈이 그치면 티끌세상 멀어지고,"10,000원",https://bookthumb-phinf.pstatic.net/cover/163/208/16320844.jpg?type=m1&udate=Tue Apr 14 00:49:03 KST 2020,http://book.naver.com/search/search.nhn?query=%EA%B5%AC%EC%95%88%EC%A6%88%EB%9E%80&frameFilterType=1&frameFilterValue=4665288, 구안즈란,북팟,책 상세정보가 없습니다.
메리 크리스마스,"13,600원",https://bookthumb-phinf.pstatic.net/cover/163/209/16320948.jpg?type=m1&udate=Tue Apr 14 00:49:03 KST 2020,http://book.naver.com/search/search.nhn?query=%ED%99%8D%EC%A2%85%EC%98%A4&frameFilterType=1&frameFilterValue=4664663, 홍종오,북팟,크리스마스가 다가오던 12월의 어느날 갑자기 사람들은 좀비가 되기 시작한다. 사람들이 좀비가 되어버린 세상. 좀비를 피해 도망가다가 우연히 주인공 최은수의 집으로 가게된 인기 걸그룹 멤버 경지. 동네 백수 은수와 걸그룹 멤버 경지 둘이서 함께 좀비와 맞서 싸우며 헤쳐나가는 이야기.
세 여인,"8,820원(-10%)",https://bookthumb-phinf.pstatic.net/cover/163/216/16321675.jpg?type=m1&udate=Tue Apr 14 00:49:03 KST 2020,http://book.naver.com/search/search.nhn?query=%EB%A1%9C%EB%B2%A0%EB%A5%B4%ED%8A%B8+%EB%AC%B4%EC%A7%88&frameFilterType=1&frameFilterValue=5000020409, 로베르트 무질,민음사,"어쩌면 수수께끼, 차라리 신비에 다다른 이야기가끔씩 선하고 때때로 짓궂은, 기묘하고 무심한 운명의 실타래헤르만 브로흐, 토마스 만, 프란츠 카프카와 더불어 현대 독일 문학의 기념비적 작가이자 “독일어로 쓰인 가장 훌륭한 작품”이라 평가받는 『특성 없는 남자』의 저자, 독보적인 문학 세계와 파격적이 서술 기법으로 오늘날까지 꾸준히 연구되는 문제적 소설가, 로베르트 무질의 연작 소설집 『세 여인』이 전면 개정을 거쳐 민음사 쏜살 문고로 새로이 출간됐다. 역사는 진보를 향"
아! 남궁세가 1,"7,200원(-10%)",https://bookthumb-phinf.pstatic.net/cover/163/205/16320547.jpg?type=m1&udate=Tue Apr 14 00:49:03 KST 2020,http://book.naver.com/search/search.nhn?query=%ED%92%8D%EB%B0%B1&frameFilterType=1&frameFilterValue=2022812, 풍백,영상출판미디어(영상노트),
작은 무민 가족과 큰 홍수 _ 토베 얀손 무민연작소설 0,"9,000원(-10%)",https://bookthumb-phinf.pstatic.net/cover/163/118/16311843.jpg?type=m1&udate=Tue Apr 14 00:49:03 KST 2020,http://book.naver.com/search/search.nhn?query=%ED%86%A0%EB%B2%A0+%EC%96%80%EC%86%90&frameFilterType=1&frameFilterValue=6000012866, 토베 얀손,작가정신,"1945년, 무민 시리즈의 시작을 알린 첫 작품
2020년, 무민 탄생 75주년 스웨덴어 완역본으로 출간
사람들의 벽난로 뒤에 숨어 살던 무민 종족의 모습부터
무민과 스니프의 첫 만남 그리고
무민 가족이 새 보금자리를 찾기까지
무민 골짜기와 무민의 모험, 바로 이렇게 시작됐다!2020년 탄생 75주년을 맞는 무민. 1945년에 발표한 『작은 무민 가족과 큰 홍수』는 ‘무민의 어머니’ 얀손이 잉태한 첫 작품이며, 이 작품을 뿌리 삼아 얀손은 『혜성이 다가온다』부터 『늦가을 무민 골짜기"
신조협려 8,"11,520원(-10%)",https://bookthumb-phinf.pstatic.net/cover/163/181/16318172.jpg?type=m1&udate=Tue Apr 14 00:49:03 KST 2020,http://book.naver.com/search/search.nhn?query=%EA%B9%80%EC%9A%A9&frameFilterType=1&frameFilterValue=5000004030, 김용,김영사,
에든버러,"14,400원(-10%)",https://bookthumb-phinf.pstatic.net/cover/163/013/16301393.jpg?type=m1&udate=Tue Apr 14 00:49:03 KST 2020,http://book.naver.com/search/search.nhn?query=%EC%95%8C%EB%A0%89%EC%82%B0%EB%8D%94+%EC%A7%80+%EC%A7%80%EC%9D%8C&frameFilterType=1&frameFilterValue=4660710, 알렉산더 지 지음,필로소픽,"알렉산더 지의 《에든버러》는 빼어난 소수자 문학이다. 한국계 이민자이며, 퀴어인 주인공 '피'가 겪는 차별이 피부에 닿을 듯 생생히 펼쳐진다. 또한 《에든버러》는 참혹한 범죄소설이다. 손쓸 도리 없이 덮쳐오는 폭력에 의해 고통받는 10대들의 민낯이 고스란히 담겨 있다. 무엇보다도 《에든버러》는 훌륭한 성장소설이다. 시적이면서도 건조하게 기술된 문장 속에 우연히 닥쳐온 불행을 받아들이는 한 인간의 안간힘이, 불행을 단지 불행으로 두지 않고 기꺼이 자신의 양팔로 삶을 껴안고 마는 숭고한 태도가 고스란히 담겨 있다.
_ 박상영(소"
신조협려 1,"11,520원(-10%)",https://bookthumb-phinf.pstatic.net/cover/163/181/16318163.jpg?type=m1&udate=Tue Apr 14 00:49:03 KST 2020,http://book.naver.com/search/search.nhn?query=%EA%B9%80%EC%9A%A9&frameFilterType=1&frameFilterValue=5000004030, 김용,김영사,
신조협려 세트(개정판)(전8권),"92,160원(-10%)",https://bookthumb-phinf.pstatic.net/cover/163/181/16318175.jpg?type=m1&udate=Tue Apr 14 00:49:03 KST 2020,http://book.naver.com/search/search.nhn?query=%EA%B9%80%EC%9A%A9&frameFilterType=1&frameFilterValue=5000004030, 김용,김영사,"이 소설만큼 완전하고도 깊이 있는 이야기는 없다!
마력적인 재미와 풍부한 상상력으로 독자들의 뜨거운 찬사를 받은 작품무협소설의 새로운 경지를 보여주었다는 평가와 함께, 전 세계 3억 부 이상 판매를 기록하며 중국문학의 금자탑이라 불리는 신필(神筆) 김용의 대표작 《신조협려》 최신 완역판. 사부와 제자라는 금기를 깨고 완전한 사랑을 이루고야 마는 양과와 소용녀! 그리고 이들의 사랑을 방해하는 무림 고수들과 몽고의 무사들, 그리고 《사조영웅전》에 등장했던 곽정과 황용, 동사, 서독, 남제, 북개, 중신통까지. 나라"
신조협려 2,"11,520원(-10%)",https://bookthumb-phinf.pstatic.net/cover/163/181/16318166.jpg?type=m1&udate=Tue Apr 14 00:49:03 KST 2020,http://book.naver.com/search/search.nhn?query=%EA%B9%80%EC%9A%A9&frameFilterType=1&frameFilterValue=5000004030, 김용,김영사,
[POD] 新山中國二大詩人詩原全(흑백),"70,000원",https://bookthumb-phinf.pstatic.net/cover/163/182/16318253.jpg?type=m1&udate=Tue Apr 14 00:49:03 KST 2020,http://book.naver.com/search/search.nhn?query=%E5%A4%A7%E9%99%B8%E6%96%87%E6%98%8E%E5%90%9B&frameFilterType=1&frameFilterValue=4400250, 大陸文明君,부크크(bookk),"新山中國二大詩人詩原全


凡例
新山中國二大詩人詩原全序3
 1.次例4
 2.李白詩千5ㅡ277
 3.杜甫詩千278ㅡ9"
신조협려 3,"11,520원(-10%)",https://bookthumb-phinf.pstatic.net/cover/163/181/16318167.jpg?type=m1&udate=Tue Apr 14 00:49:03 KST 2020,http://book.naver.com/search/search.nhn?query=%EA%B9%80%EC%9A%A9&frameFilterType=1&frameFilterValue=5000004030, 김용,김영사,
여섯 번째 별 1,"8,100원(-10%)",https://bookthumb-phinf.pstatic.net/cover/163/119/16311916.jpg?type=m1&udate=Tue Apr 14 00:49:03 KST 2020,http://book.naver.com/search/search.nhn?query=%EA%B9%80%EC%A7%80%EC%9C%A0&frameFilterType=1&frameFilterValue=1671584, 김지유,페퍼민트,
달빛 조각사 57,"7,200원(-10%)",https://bookthumb-phinf.pstatic.net/cover/163/205/16320553.jpg?type=m1&udate=Tue Apr 14 00:49:03 KST 2020,http://book.naver.com/search/search.nhn?query=%EB%82%A8%ED%9D%AC%EC%84%B1&frameFilterType=1&frameFilterValue=61182, 남희성,로크미디어,
[POD] 新山中國二大詩人詩原全(컬러),"90,000원",https://bookthumb-phinf.pstatic.net/cover/163/182/16318254.jpg?type=m1&udate=Tue Apr 14 00:49:03 KST 2020,http://book.naver.com/search/search.nhn?query=%E5%A4%A7%E9%99%B8%E6%96%87%E6%98%8E%E5%90%9B&frameFilterType=1&frameFilterValue=4400250, 大陸文明君,부크크(bookk),"新山中國二大詩人詩原全


凡例
新山中國二大詩人詩原全序3
 1.次例4
 2.李白詩千5ㅡ277
 3.杜甫詩千278ㅡ9"
디즈니의 악당들 3권 세트(케이스+캐릭터북마크+스티커팩),"35,100원(-10%)",https://bookthumb-phinf.pstatic.net/cover/163/150/16315088.jpg?type=m1&udate=Tue Apr 14 00:49:03 KST 2020,http://book.naver.com/search/search.nhn?query=%EC%84%B8%EB%A0%88%EB%82%98+%EB%B0%9C%EB%A0%8C%ED%8B%B0%EB%85%B8&frameFilterType=1&frameFilterValue=4334738, 세레나 발렌티노,라곰,"“착한 디즈니는 잊어라
악당들의 스핀오프가 시작된다”
 
★★★ 디즈니 오리지널 노블 ★★★
★★★ 영미소설 1위 ★★★
★★★ 50만 부 판매 ★★★
★★★ 김미경TV 추천 ★★★
★★★ 빨간책방 이다혜 추천 ★★★전 세계 아이들이 사랑하고, 어른이 되어서도 잊지 못하는 디즈니 명작들. 우리가 기억하는 건 아름다운 주인공들이지만 그들 뒤에는 주목받지 못한 악당들이 있었다. 
디즈니가 기획하고 세레나 발렌티노가 집필한 《디즈니의 악당들》은 아무도 주목하지 않았던"
신조협려 4,"11,520원(-10%)",https://bookthumb-phinf.pstatic.net/cover/163/181/16318168.jpg?type=m1&udate=Tue Apr 14 00:49:03 KST 2020,http://book.naver.com/search/search.nhn?query=%EA%B9%80%EC%9A%A9&frameFilterType=1&frameFilterValue=5000004030, 김용,김영사,
여섯 번째 별 2,"8,100원(-10%)",https://bookthumb-phinf.pstatic.net/cover/163/119/16311919.jpg?type=m1&udate=Tue Apr 14 00:49:03 KST 2020,http://book.naver.com/search/search.nhn?query=%EA%B9%80%EC%A7%80%EC%9C%A0&frameFilterType=1&frameFilterValue=1671584, 김지유,페퍼민트,
번혁 1998. 3:번혁2부,"7,200원(-10%)",https://bookthumb-phinf.pstatic.net/cover/163/208/16320885.jpg?type=m1&udate=Tue Apr 14 00:49:03 KST 2020,http://book.naver.com/search/search.nhn?query=%EC%B2%9C%EC%A7%80%EB%AC%B4%EC%B2%9C&frameFilterType=1&frameFilterValue=2455463, 천지무천,청어람,"천지무천 장편소설. 주식 투자에 실패해 나락으로 빠진 강태수. 그런데, 눈을 떠보니 22년 전 과거로 돌아왔다. <변혁 1998>. ""다시는 후회하는 삶을 살지 않으리라!"" 미래의 지식은 그를 천재적 사업가로 만들었고, 지난 삶의 깊은 후회는 그를 혁명가로 이끌었다. 새로운 삶을 살게 된 강태수. 변혁의 중심에 서다."
What Happened with June,"8,100원(-10%)",https://bookthumb-phinf.pstatic.net/cover/163/120/16312051.jpg?type=m1&udate=Tue Apr 14 00:49:03 KST 2020,http://book.naver.com/search/search.nhn?query=%EA%B9%80%ED%95%99%EC%A7%84&frameFilterType=1&frameFilterValue=21385, 김학진,창조와지식,"고교생 JUNE은 아빠로부터 선물 받은 생애 첫 자동차를 드라이브하던 중 운전 미숙으로 가벼운 접촉사고를 낸다. 그런데 그 피해 차량의 운전자가 그녀의 초등학교 저학년 시절의 단짝이었던 DON임을 알게 된다. 그때부터 JUNE은 DON을 짝꿍이 아닌 남자친구로 만들고 싶은 생각을 하게 된다. 간신히 DON을 만나게 되고 JUNE에 대한 그의 마음을 알아보려는 시도는 처음부터 꼬이기 시작한다. 자동차 사고가 나며 JUNE과 DON은 비슷한 시기에 코마 상태에 빠지는데, JUNE의 DON을 향한 열정으로 그 두 사람은 운명적인 사랑의"
자작나무 아래로 내리는 눈,"12,420원(-10%)",https://bookthumb-phinf.pstatic.net/cover/163/199/16319925.jpg?type=m1&udate=Tue Apr 14 00:49:04 KST 2020,http://book.naver.com/search/search.nhn?query=%EB%AC%B8%ED%9D%AC%EC%9C%B5&frameFilterType=1&frameFilterValue=4665014, 문희융,그룹에이치컴퍼니,"눈 내린 자작나무 숲. 상상(想像)만으로도 가슴을 아리게 하는 풍경(風景)이다. 한 번 더 생각하니 이것은 그림이다. 사실 이런 그림을 한국(韓國)에서 만날 수 있으리라고는 생각한 적이 없었다. 이는 필시 러시아나 캐나다에 있는 것이라 여겼다. 정말 아무런 근거 없이 그렇게 여겼었다. 그런데 인제라니. 내 머릿속의 강원도 인제(麟蹄)는 운 없는 군인(軍人)들이 타의(他意)로 청춘(靑春)을 불사르던 곳이었다.
자작나무가 둘러싸고 있는 느낌의 이야기다. 책(冊)을 펼치면 자작나무 냄새가 나는 듯하고 고개를 들면 창밖에 눈을 맞고"
신조협려 5,"11,520원(-10%)",https://bookthumb-phinf.pstatic.net/cover/163/181/16318169.jpg?type=m1&udate=Tue Apr 14 00:49:04 KST 2020,http://book.naver.com/search/search.nhn?query=%EA%B9%80%EC%9A%A9&frameFilterType=1&frameFilterValue=5000004030, 김용,김영사,
"여섯 번째 별 1,2 세트",없음,https://bookthumb-phinf.pstatic.net/cover/163/129/16312947.jpg?type=m1&udate=Tue Apr 14 00:49:04 KST 2020,http://book.naver.com/search/search.nhn?query=%EA%B9%80%EC%A7%80%EC%9C%A0&frameFilterType=1&frameFilterValue=1671584, 김지유,페퍼민트,"세상을 바꿀 여섯 번째 별, 루이나 스텔로.그녀의 숙명에 날개가 되어야 하는 남자, 페르켄 알리오스.“제법이네.”페르켄의 무뚝뚝한 칭찬에 루이나는 마치 꽃이 피어나는 것처럼 활짝 웃었다. 루이나의 곱게 접힌 눈꼬리와 발그레한 볼이 꽤 보기 좋다고 생각한 순간, 갑자기 가슴에 묵직한 통증이 느껴졌다. 누군가 제 심장을 퍽 소리가 나게 때리는 기분이었다. 난생처음 겪는 고통에 페르켄은 몹시 당혹스러웠다. 도무지 영문을 알 수가 없어서 더욱 그랬다."
기차의 꿈(양장본 HardCover),"10,800원(-10%)",https://bookthumb-phinf.pstatic.net/cover/163/130/16313024.jpg?type=m1&udate=Tue Apr 14 00:49:04 KST 2020,http://book.naver.com/search/search.nhn?query=%EB%8D%B0%EB%8B%88%EC%8A%A4+%EC%A1%B4%EC%8A%A8&frameFilterType=1&frameFilterValue=6000095967, 데니스 존슨,문학동네,"19세기에 태어나 20세기를 살아간 철도 노동자이자 벌목꾼 로버트 그레이니어의 생애를 그린 소설로, 시대의 격변과 그로 인해 필연적으로 소멸되어버린 삶의 방식을 강렬하면서도 서정적으로 써내려간다. 이 소설은 그해 <파리 리뷰>에 발표된 소설 중 가장 뛰어난 작품에 수여하는 아가 칸 상을 받았고, 이듬해 오헨리상을 수상했다. 

그후 2011년 단행본으로 출간되어 <뉴욕 타임스> 주목할 만한 책, <뉴요커> <로스앤젤레스 타임스> 올해 가장 사랑받은 책, <에스콰이어>"
수난이대(외)(범우문고 317),"4,410원(-10%)",https://bookthumb-phinf.pstatic.net/cover/163/196/16319604.jpg?type=m1&udate=Tue Apr 14 00:49:04 KST 2020,http://book.naver.com/search/search.nhn?query=%ED%95%98%EA%B7%BC%EC%B0%AC&frameFilterType=1&frameFilterValue=5000018056, 하근찬,범우사,"조연현 문학상 ㆍ 요산문학상 수상, 하근찬 작가의 소설 모음집6.25전쟁을 겪은 암울한 한 시대를 증언하는 소설 세 편을 엮었다.
〈수난 이대(受難二代)〉는 한국일보 신춘문예를 통해 등단한 하근찬의 대표작품이다. 이 작품을 쓴 50년대 중반 무렵은 휴전이 성립된 뒤여서 많은 상이군인들을 도처에서 목격할 수 있었다. 다리가 하나 잘려 나간 사람, 팔이 하나 떨어져나간 사람, 혹은 얼굴이 형편없이 뭉그러진 사람……. 그런 인간 파편 같은 전쟁 피해자들의 처참한 모습을 보면서 작가는 이 작품을 구상하게 되었다."
신조협려 6,"11,520원(-10%)",https://bookthumb-phinf.pstatic.net/cover/163/181/16318170.jpg?type=m1&udate=Tue Apr 14 00:49:04 KST 2020,http://book.naver.com/search/search.nhn?query=%EA%B9%80%EC%9A%A9&frameFilterType=1&frameFilterValue=5000004030, 김용,김영사,
누구보다 강렬하게 1,"8,100원(-10%)",https://ssl.pstatic.net/static/book/image/juvenile_pest_82X116.gif&udate=Tue Apr 14 00:49:04 KST 2020,http://book.naver.com/search/search.nhn?query=%EC%86%A1%EC%A7%84%EA%B2%BD&frameFilterType=1&frameFilterValue=3886038, 송진경,마루&마야,
페스트,"10,800원(-10%)",https://bookthumb-phinf.pstatic.net/cover/163/253/16325300.jpg?type=m1&udate=Tue Apr 14 00:49:04 KST 2020,http://book.naver.com/search/search.nhn?query=%EC%95%8C%EB%B2%A0%EB%A5%B4+%EC%B9%B4%EB%AE%88&frameFilterType=1&frameFilterValue=6000002625, 알베르 카뮈,동서문화사,"우리시대 문학자이자 철학자 자유인의 표상!
최연소 노벨문학상 수상 알베르 카뮈 부조리 문학 정수!
카뮈만의 언어와 상징으로 신화가 된 작품 시지프스적 인물들 
오늘도 쉬지 않고 외친다!
“삶에 대한 절망 없이는 삶에 대한 사랑도 없다.”
“인간에게는 저마다 다른 운명이 있다 할지라도
인간을 초월한 운명은 없다!”
“창조한다는 것, 그것은 두 번 사는 것이 아닌가!”


2020년 봄 꽃들은 피어나도, 온 세계가 신종 바이러스(코로나19) 감염증 확산으로 인간들은"
소설미학 2020. 봄호,없음,https://bookthumb-phinf.pstatic.net/cover/163/267/16326774.jpg?type=m1&udate=Tue Apr 14 00:49:04 KST 2020,http://book.naver.com/search/search.nhn?query=%ED%8E%B8%EC%A7%91%EB%B6%80&frameFilterType=1&frameFilterValue=18, 편집부,소설미학,유일의 우리나라의 소설전문지 계간 「소설미학」 2020년 봄호.
신조협려 7,"11,520원(-10%)",https://bookthumb-phinf.pstatic.net/cover/163/181/16318171.jpg?type=m1&udate=Tue Apr 14 00:49:04 KST 2020,http://book.naver.com/search/search.nhn?query=%EA%B9%80%EC%9A%A9&frameFilterType=1&frameFilterValue=5000004030, 김용,김영사,
누구보다 강렬하게 2/완결,"8,100원(-10%)",https://ssl.pstatic.net/static/book/image/juvenile_pest_82X116.gif&udate=Tue Apr 14 00:49:04 KST 2020,http://book.naver.com/search/search.nhn?query=%EC%86%A1%EC%A7%84%EA%B2%BD&frameFilterType=1&frameFilterValue=3886038, 송진경,마루&마야,
피안으로 가는길,"13,500원(-10%)",https://bookthumb-phinf.pstatic.net/cover/163/110/16311070.jpg?type=m1&udate=Tue Apr 14 00:49:04 KST 2020,http://book.naver.com/search/search.nhn?query=%ED%99%8D%EC%84%B1%EC%95%94&frameFilterType=1&frameFilterValue=604222, 홍성암,수북이,"작가의 말
제1부: 귀향
제2부: 백령도
제3부: 피안으로 가는 길"
만렙 플레이어 23,"7,200원(-10%)",https://bookthumb-phinf.pstatic.net/cover/163/190/16319005.jpg?type=m1&udate=Tue Apr 14 00:49:04 KST 2020,http://book.naver.com/search/search.nhn?query=%EB%B9%84%EC%B8%84&frameFilterType=1&frameFilterValue=2442344, 비츄,위시북스,
지옥 만세,"12,600원(-10%)",https://bookthumb-phinf.pstatic.net/cover/163/120/16312087.jpg?type=m1&udate=Tue Apr 14 00:49:04 KST 2020,http://book.naver.com/search/search.nhn?query=%EC%9E%84%EC%A0%95%EC%97%B0&frameFilterType=1&frameFilterValue=5000015177, 임정연,산지니,"▶ 퍽퍽 터지고, 명치 시큰한 인생이지만, 이 지옥을 유쾌하게 헤쳐가자!유쾌하고 발랄하지만 결코 가볍지 않은 임정연 작가의 신작 『지옥 만세』가 출간되었다. 부모님과 할아버지, 솔로인 삼촌에 여동생까지 6명의 대가족과 함께 사는 평재는 평범한 고등학교 1학년이다. 우연한 사건으로 같은 학교의 절대 미녀인 유시아와 부딪친다. 며칠 뒤, 학원에서 집으로 가던 평재는 의문의 여자 깡패에게 쓸데없는 말을 하지 말라는 협박을 받는다. 학교에서 존재감 없던 평재가 절대 미녀 유시아와 얽히면서 전교생의 관심을 받게 되는데, 갑자기"
알루나 특별 한정판 (도서 3권 + 알루나 향수 박스 세트 + 엽서 3장 + 책갈피 1장),없음,https://ssl.pstatic.net/static/book/image/juvenile_pest_82X116.gif&udate=Tue Apr 14 00:49:04 KST 2020,http://book.naver.com/search/search.nhn?query=%EC%9C%A0%EC%9A%B0%EC%A7%80&frameFilterType=1&frameFilterValue=2374197, 유우지,더클북컴퍼니,"처음 관계를 맺은 단 한 사람만을 평생의 반려로 맞을 수 있는 희귀 종족 알루나. 강인한 신체 능력을 타고 났지만 광증을 일으키는 돌연변이 렉시마의 유전자를 품고 있는 종족 렉사. 생태도 특징도 다른 두 종족은 행성 알룬에서 함께 공존하며 살아 가고 있다.
어린 시절 어머니의 재혼으로 렉사 종족의 가족을 얻게 된 알루나 청년 가람. 일찍이 의붓형제 이르칸을 마음에 품은 그는 피와 살인의 욕구가 날뛰는 렉시마의 숙명을 지고 태어난 이르칸이 그의 죽음을 바라는 집안 사람들 사이에서 자신의 목숨을 지키기 발버둥치는 모습을 묵묵히"
부검 스페셜리스트 3,"7,200원(-10%)",https://bookthumb-phinf.pstatic.net/cover/163/208/16320889.jpg?type=m1&udate=Tue Apr 14 00:49:04 KST 2020,http://book.naver.com/search/search.nhn?query=%EA%B0%80%ED%94%84&frameFilterType=1&frameFilterValue=633118, 가프,청어람,
님의 침묵 (큰글씨책)(한국 문학 읽다),"24,300원(-10%)",https://bookthumb-phinf.pstatic.net/cover/163/200/16320036.jpg?type=m1&udate=Tue Apr 14 00:49:04 KST 2020,http://book.naver.com/search/search.nhn?query=%ED%95%9C%EC%9A%A9%EC%9A%B4&frameFilterType=1&frameFilterValue=5000018323, 한용운,정씨책방,"“독립운동가 한용운의 서정시”

님은 갔습니다. 
아아 사랑하는 나의 님은 갔습니다. 푸른 산빛을 깨치고 단풍나무 숲을 향하여 난 작은 길을 걸어서 차마 떨치고 갔습니다. 황금의 꽃같이 굳고 빛나던 옛 맹서는 차디찬 티끌이 되어서 한숨의 미풍(微風)에 날어갔습니다.
날카로운 첫 키스의 추억은 나의 운명의 지침(指針)을 돌려 놓고 뒷걸음쳐서 사라졌습니다. 나는 향기로운 님의 말소리에 귀먹고 꽃다운 님의 얼굴에 눈멀었습니다. 

일러두기
큰글씨책은 저시력자 및 어르신들 모두 편하게 읽을"
"홍비, 짐승의 신부. 1","13,050원(-10%)",https://bookthumb-phinf.pstatic.net/cover/162/855/16285540.jpg?type=m1&udate=Tue Apr 14 00:49:04 KST 2020,http://book.naver.com/search/search.nhn?query=%EC%9D%B4%EC%A3%BC%EC%95%88&frameFilterType=1&frameFilterValue=3952846, 이주안,테라스북,"평생 오직 한 명의 신부만을 사랑할 운명을 타고난 흥황
“백 일을 살아남아 당신의 신부가 될게요!”어미를 잡아먹고 태어난 저주받은 공주, ‘이파’. 
비를 잃은 부왕은 이파에게 죽음보다 더한 선고를 내린다. 

“홍비가 되거라.” 

홍비…… 짐승들의 왕, 홍황의 제물이 되라니!
제발 살려달라고 애원하는 그녀 앞에 나타난 건 
혼이 나갈 만큼 아름다운 사내, 홍황이었다.

“이리 와요, 공주님. 나의 신부가 되어주세요.”

수인족의"
"홍비, 짐승의 신부. 2","13,050원(-10%)",https://bookthumb-phinf.pstatic.net/cover/162/904/16290414.jpg?type=m1&udate=Tue Apr 14 00:49:04 KST 2020,http://book.naver.com/search/search.nhn?query=%EC%9D%B4%EC%A3%BC%EC%95%88&frameFilterType=1&frameFilterValue=3952846, 이주안,테라스북,"평생 오직 한 명의 신부만을 사랑할 운명을 타고난 흥황
“백 일을 살아남아 당신의 신부가 될게요!”어미를 잡아먹고 태어난 저주받은 공주, ‘이파’. 
비를 잃은 부왕은 이파에게 죽음보다 더한 선고를 내린다. 

“홍비가 되거라.” 

홍비…… 짐승들의 왕, 홍황의 제물이 되라니!
제발 살려달라고 애원하는 그녀 앞에 나타난 건 
혼이 나갈 만큼 아름다운 사내, 홍황이었다.

“이리 와요, 공주님. 나의 신부가 되어주세요.”

수인족의"
세컨드 : 두 번째 남자 8,"7,200원(-10%)",https://bookthumb-phinf.pstatic.net/cover/163/222/16322268.jpg?type=m1&udate=Tue Apr 14 00:49:04 KST 2020,http://book.naver.com/search/search.nhn?query=%ED%96%89%EB%B3%B5%ED%95%9C%EA%B8%80%EC%9F%81%EC%9D%B4&frameFilterType=1&frameFilterValue=4544855, 행복한글쟁이,동아,책 상세정보가 없습니다.
햄릿,"7,920원(-10%)",https://bookthumb-phinf.pstatic.net/cover/162/990/16299008.jpg?type=m1&udate=Tue Apr 14 00:49:04 KST 2020,http://book.naver.com/search/search.nhn?query=%EC%9C%8C%EB%A6%AC%EC%97%84+%EC%85%B0%EC%9D%B5%EC%8A%A4%ED%94%BC%EC%96%B4&frameFilterType=1&frameFilterValue=6000003242, 윌리엄 셰익스피어,자화상,"셰익스피어 4대 비극
깊이 있는 인물이 빚어내는
이야기의 향연어느 쪽이 더 고상한가?
가혹한 운명의 돌팔매와 화살을 참고 맞는 것과 밀려드는 역경에 대항하여 맞서 싸워 끝내는 것 중에. 죽는다는 건 곧 잠드는 것. 그뿐이다. 잠이 들면 마음의 고통과 몸을 괴롭히는 수천 가지의 걱정거리도 그친다고 하지. 그럼 이것이야말로 열렬히 바랄만한 결말이 아닌가?
죽는다는 건 자는 것. 잠이 들면 꿈을 꾸지. 아, 그게 걸리는 구나. 현세의 번뇌를 떨쳐 버리고 죽음이라는 잠에 빠졌을 때, 어떠한 꿈을"
님의 침묵(1318 청소년문고 21),"12,420원(-10%)",https://bookthumb-phinf.pstatic.net/cover/163/200/16320037.jpg?type=m1&udate=Tue Apr 14 00:49:04 KST 2020,http://book.naver.com/search/search.nhn?query=%ED%95%9C%EC%9A%A9%EC%9A%B4&frameFilterType=1&frameFilterValue=5000018323, 한용운,미니책방,"“독립운동가 한용운의 서정시”
 
님은 갔습니다. 
아아 사랑하는 나의 님은 갔습니다. 푸른 산빛을 깨치고 단풍나무 숲을 향하여 난 작은 길을 걸어서 차마 떨치고 갔습니다. 황금의 꽃같이 굳고 빛나던 옛 맹서는 차디찬 티끌이 되어서 한숨의 미풍(微風)에 날어갔습니다.
날카로운 첫 키스의 추억은 나의 운명의 지침(指針)을 돌려 놓고 뒷걸음쳐서 사라졌습니다. 나는 향기로운 님의 말소리에 귀먹고 꽃다운 님의 얼굴에 눈멀었습니다. 

20세기 세계 문학을 대표하는 작가들의 작품들을 엄선한 「131"
"홍비, 짐승의 신부 세트(전2권)","26,100원(-10%)",https://bookthumb-phinf.pstatic.net/cover/162/855/16285541.jpg?type=m1&udate=Tue Apr 14 00:49:04 KST 2020,http://book.naver.com/search/search.nhn?query=%EC%9D%B4%EC%A3%BC%EC%95%88&frameFilterType=1&frameFilterValue=3952846, 이주안,테라스북,"평생 오직 한 명의 신부만을 사랑할 운명을 타고난 흥황
“백 일을 살아남아 당신의 신부가 될게요!”어미를 잡아먹고 태어난 저주받은 공주, ‘이파’. 
비를 잃은 부왕은 이파에게 죽음보다 더한 선고를 내린다. 

“홍비가 되거라.” 

홍비…… 짐승들의 왕, 홍황의 제물이 되라니!
제발 살려달라고 애원하는 그녀 앞에 나타난 건 
혼이 나갈 만큼 아름다운 사내, 홍황이었다.

“이리 와요, 공주님. 나의 신부가 되어주세요.”

수인족의"
재벌을 넘어 귀족으로 8,"7,200원(-10%)",https://bookthumb-phinf.pstatic.net/cover/163/189/16318974.jpg?type=m1&udate=Tue Apr 14 00:49:04 KST 2020,http://book.naver.com/search/search.nhn?query=%ED%91%B8%EB%8B%AC&frameFilterType=1&frameFilterValue=4078375, 푸달,영상출판미디어(영상노트),
햄릿(미니북),"5,310원(-10%)",https://bookthumb-phinf.pstatic.net/cover/162/990/16299009.jpg?type=m1&udate=Tue Apr 14 00:49:04 KST 2020,http://book.naver.com/search/search.nhn?query=%EC%9C%8C%EB%A6%AC%EC%97%84+%EC%85%B0%EC%9D%B5%EC%8A%A4%ED%94%BC%EC%96%B4&frameFilterType=1&frameFilterValue=6000003242, 윌리엄 셰익스피어,자화상,"셰익스피어 4대 비극
깊이 있는 인물이 빚어내는
이야기의 향연어느 쪽이 더 고상한가?
가혹한 운명의 돌팔매와 화살을 참고 맞는 것과 밀려드는 역경에 대항하여 맞서 싸워 끝내는 것 중에. 죽는다는 건 곧 잠드는 것. 그뿐이다. 잠이 들면 마음의 고통과 몸을 괴롭히는 수천 가지의 걱정거리도 그친다고 하지. 그럼 이것이야말로 열렬히 바랄만한 결말이 아닌가?
죽는다는 건 자는 것. 잠이 들면 꿈을 꾸지. 아, 그게 걸리는 구나. 현세의 번뇌를 떨쳐 버리고 죽음이라는 잠에 빠졌을 때, 어떠한 꿈을"
웹소설 탐구(아로리 총서 25),"7,110원(-10%)",https://bookthumb-phinf.pstatic.net/cover/163/200/16320073.jpg?type=m1&udate=Tue Apr 14 00:49:04 KST 2020,http://book.naver.com/search/search.nhn?query=%EC%9C%A0%EC%A0%95%EC%9B%90&frameFilterType=1&frameFilterValue=106926, 유정원,지식의날개,"독자를 사로잡은 디지털 콘텐츠의 최강자
우리는 왜 웹소설에 열광하는가종이책 시장의 불황에도 웹소설 시장은 해마다 규모가 커지며 성장을 거듭하고 있다. 바쁜 일상에서 출퇴근이나 이동 중에, 혹은 점심시간을 이용해 언제 어디서나 읽기가 가능하고, 해시태그라는 나침반을 통해 원하는 장르를 손쉽게 찾을 수 있다는 점이 독자의 무한한 애정을 받으며 성장하는 배경이라 할 수 있다. 그렇다면 웹소설은 어떤 매력을 지녔기에 이렇게 관심을 받으며 성장하고 있는 걸까?

이 책에서는 국내 웹소설 중에서 예상치 못한"
말도로르의 노래(달섬 세계고전 13),"10,000원",https://bookthumb-phinf.pstatic.net/cover/163/012/16301229.jpg?type=m1&udate=Tue Apr 14 00:49:04 KST 2020,http://book.naver.com/search/search.nhn?query=%EB%A1%9C%ED%8A%B8%EB%A0%88%EC%95%84%EB%AA%BD&frameFilterType=1&frameFilterValue=6000000897, 로트레아몽,달섬,"말도로르의 노래첫 번째 노래두 번째 노래세 번째 노래네 번째 노래다섯 번째 노래여섯 번째 노래로트레아몽의 편지 작품 해설로트레아몽 연보"
그랜드 마스터 회귀하다 11,"7,200원(-10%)",https://bookthumb-phinf.pstatic.net/cover/163/189/16318975.jpg?type=m1&udate=Tue Apr 14 00:49:04 KST 2020,http://book.naver.com/search/search.nhn?query=%EB%82%A0%EB%A7%9D&frameFilterType=1&frameFilterValue=2330507, 날망,영상출판미디어(영상노트),
탬버린,"12,600원(-10%)",https://bookthumb-phinf.pstatic.net/cover/163/180/16318011.jpg?type=m1&udate=Tue Apr 14 00:49:04 KST 2020,http://book.naver.com/search/search.nhn?query=%EA%B9%80%EC%9C%A0%EB%8B%B4&frameFilterType=1&frameFilterValue=4224627, 김유담,창비,"삶의 징글맞음이 경쾌하게 울린다!
지친 감각을 일깨우는 단단하고 탄탄한 서사의 등장2016년 서울신문 신춘문예로 작품활동을 시작한 김유담의 첫번째 소설집 『탬버린』이 출간되었다. 등단 이후 착실하게 발표해온 단편 8편이 묶인 이번 소설집은 신예 소설가 김유담의 매력을 한껏 느낄 수 있는 탄탄한 서사와 생동감 넘치는 인물들로 꽉 차 있다. 태어나면서 불평등하게 주어지는 삶의 한계를 극복하고자 아등바등 살아가지만 “아무리 노력해도 100점을 받기가 어렵다는”, “최선을 다하는 삶의 무용(無用)함”(「탬버린」 156"
이계 내가 가 봤는데 별거 없더라 11,"7,200원(-10%)",https://bookthumb-phinf.pstatic.net/cover/163/190/16319002.jpg?type=m1&udate=Tue Apr 14 00:49:04 KST 2020,http://book.naver.com/search/search.nhn?query=%ED%98%84%EC%B2%A0&frameFilterType=1&frameFilterValue=2162771, 현철,파피루스,
한중록(초판본)(혜경궁 홍씨의)(양장본 HardCover),"13,320원(-10%)",https://bookthumb-phinf.pstatic.net/cover/163/000/16300075.jpg?type=m1&udate=Tue Apr 14 00:49:04 KST 2020,http://book.naver.com/search/search.nhn?query=%ED%98%9C%EA%B2%BD%EA%B6%81+%ED%99%8D%EC%94%A8&frameFilterType=1&frameFilterValue=2782, 혜경궁 홍씨,더스토리,"절대적 권력 앞에서 무너져 내리는 남편을 봐야 했던
혜경궁 홍씨의 한과 설움의 기록
역사에 남길 수 없었던 참혹한 가족사
혜경궁 홍씨가 숨어서 써 내려간 아픔의 이야기
사도세자의 부인이자 정조대왕의 어머니 혜경궁 홍씨가
눈물로 지새우며 남긴 화려한 조선 왕조의 이면![내용 소개]
왕이 되었으면 가장 위대했을 군주 사도세자와 영조와의 갈등,
화려한 조선 왕조의 이면 속에 감춰진 눈물의 이야기 

혜경궁 홍씨가 쓴 《한중록》이 더스토리 1795년 오리지널 초"
알루나 세트,"37,800원(-10%)",https://ssl.pstatic.net/static/book/image/juvenile_pest_82X116.gif&udate=Tue Apr 14 00:49:04 KST 2020,http://book.naver.com/search/search.nhn?query=%EC%9C%A0%EC%9A%B0%EC%A7%80&frameFilterType=1&frameFilterValue=2374197, 유우지,북스트림,"상관없어, 이젠. 아무래도.너만 내 것이 되면.처음 관계를 맺은 단 한 사람만을 평생의 반려로 맞을 수 있는 희귀 종족 알루나. 강인한 신체 능력을 타고 났지만 광증을 일으키는 돌연변이 렉시마의 유전자를 품고 있는 종족 렉사. 생태도 특징도 다른 두 종족은 행성 알룬에서 함께 공존하며 살아 가고 있다.어린 시절 어머니의 재혼으로 렉사 종족의 가족을 얻게 된 알루나 청년 가람. 일찍이 의붓형제 이르칸을 마음에 품은 그는 피와 살인의"
이계 내가 가 봤는데 별거 없더라 12,"7,200원(-10%)",https://bookthumb-phinf.pstatic.net/cover/163/190/16319003.jpg?type=m1&udate=Tue Apr 14 00:49:04 KST 2020,http://book.naver.com/search/search.nhn?query=%ED%98%84%EC%B2%A0&frameFilterType=1&frameFilterValue=2162771, 현철,파피루스,
연리지서,"11,700원(-10%)",https://bookthumb-phinf.pstatic.net/cover/163/110/16311052.jpg?type=m1&udate=Tue Apr 14 00:49:04 KST 2020,http://book.naver.com/search/search.nhn?query=%EA%B9%80%EC%9C%A0%EB%AF%B8&frameFilterType=1&frameFilterValue=5543, 김유미,스칼렛,"※본 도서는 2009년 발행된 〈명불허전名不虛傳〉에
2부 〈의기투합意氣投合〉이 새롭게 추가되어 출간되는
완전판 도서임을 참고 부탁드립니다.

“제가…… 감히 나리를 욕심내도 되어요?”
“아무렴. 처음부터 네 것이었으니.”

때는 조선 중기, 양민이면서도 특별 차출된 좌포청 다모 유희는 우연한 기회로 천하의 한량 이명원을 만난다. 다른 듯 닮은 두 사람의 기연은 이내 인연이 되고, 역사의 그늘 속 사람들의 목소리를 함께 듣는 동안 서로의 마음도 같은 방향으로 흘러가는데……."
우리 언젠가 화성에 가겠지만,"11,700원(-10%)",https://bookthumb-phinf.pstatic.net/cover/163/273/16327352.jpg?type=m1&udate=Tue Apr 14 00:49:04 KST 2020,http://book.naver.com/search/search.nhn?query=%EA%B9%80%EA%B0%95&frameFilterType=1&frameFilterValue=11393, 김강,아시아,"단편소설 '우리 아빠'로 제21회 심훈문학상을 받으며 작품 활동을 시작한 김강 작가의 첫 번째 소설집이다. 심사 당시 ""발랄한 상상력에 현실의 질감을 부여하는 데 성공""하였다는(구모룡?홍기돈 문학평론가, 방현석 소설가) 평을 받은 '우리 아빠'를 포함하여 모두 9편의 단편소설이 실려 있다. 

<우리 언젠가 화성에 가겠지만>이라는 소설집의 제목은 '화성 개척단'에 지원하는 주인공의 이야기를 담은 수록작 '그대, 잘 가라'에 나오는 문장을 변용하여 가져왔다. 작품집에 수록된 다수의 작품들은 근미래를 배경으로"
힐통령 태양의 사제 18,없음,https://bookthumb-phinf.pstatic.net/cover/163/190/16319004.jpg?type=m1&udate=Tue Apr 14 00:49:04 KST 2020,http://book.naver.com/search/search.nhn?query=%EC%A0%9C%EB%A6%AC%EC%97%A0&frameFilterType=1&frameFilterValue=3834275, 제리엠,위시북스,
이방인(1944년 오리지널 초판본 표지디자인)(양장본 HardCover),"8,820원(-10%)",https://bookthumb-phinf.pstatic.net/cover/163/108/16310868.jpg?type=m1&udate=Tue Apr 14 00:49:04 KST 2020,http://book.naver.com/search/search.nhn?query=%EC%95%8C%EB%B2%A0%EB%A5%B4+%EC%B9%B4%EB%AE%88&frameFilterType=1&frameFilterValue=6000002625, 알베르 카뮈,더스토리,"실존주의 문학의 선구자, 노벨 문학상 수상작가
알베르 카뮈의 대표작 《이방인》
〈르 몽드〉 선정 20세기 최고의 작품 1위!
생의 부조리와 인간의 실존을 다룬 작품억압적 관습과 현실의 부조리의 민낯을 보여 준
실존주의 문학의 대표 작품 《이방인》

《이방인》은 알베르 카뮈가 구상한 부조리극의 삼부작 중 하나이자 그가 쓴 최초의 소설이다. 1942년 5월 말, 출간 당시부터 문학적 ‘사건’으로 취급될 정도로 엄청난 호평을 받았으며 제2차 세계대전 이후 최대의 걸작이라는 극찬을"
프라임 세트(전2권),"23,400원(-10%)",https://bookthumb-phinf.pstatic.net/cover/163/140/16314068.jpg?type=m1&udate=Tue Apr 14 00:49:04 KST 2020,http://book.naver.com/search/search.nhn?query=%EA%B9%80%EB%8F%99%EC%A7%84&frameFilterType=1&frameFilterValue=11775, 김동진,지식과감성,"정치 혐오와 권력의 불신 속에서
어느 날 갑자기 총리가 된 남자!

지극히 평범했던 그가 절대 평범하지 않은 방법으로 대한민국을 뒤흔들어 놓는다.
새로운 대한민국에 대한 화두를 던지는 그의 이야기가 시작된다."
남궁쟁천기. 5,"7,200원(-10%)",https://bookthumb-phinf.pstatic.net/cover/163/181/16318115.jpg?type=m1&udate=Tue Apr 14 00:49:04 KST 2020,http://book.naver.com/search/search.nhn?query=%EC%9D%BC%ED%99%A9&frameFilterType=1&frameFilterValue=2290677, 일황,파피루스,일황 신무협 장편소설.
황제의 유모와 애정사,없음,https://bookthumb-phinf.pstatic.net/cover/163/185/16318582.jpg?type=m1&udate=Tue Apr 14 00:49:04 KST 2020,http://book.naver.com/search/search.nhn?query=%EA%B3%B5%ED%98%84%EC%A7%84&frameFilterType=1&frameFilterValue=2319364, 공현진,리비도,"고감각 에로틱 환타지 소설 (동양 고전편)
에로틱 로맨스 단편 소설 모음집인 <겐세이의 완벽한 첫 경험>을 재편집하여 동양 고전 배경 8편과 미래의 배경 1편을 별도로 모은 고전판 에디션.
 
동양 고전 단편 소설집인 이 책은 스토리도 독특하면서 해학이 가득하다.
<어유야담>처럼 고전이 될 소지가 충분히 있다. 
야한 씬 묘사가 상당히 세련되었고 성인 소설 읽는 맛을 준다. 
암시와 비유, 은근한 유머 등 매우 감각적이다. 대사나 분위기, 성애 묘사 등이 고품격, 고감각으로 성인 소설의 품격을 한..."
베아트리체 외전 세트(블랙 라벨 클럽 24)(전2권),"21,600원(-10%)",https://bookthumb-phinf.pstatic.net/cover/163/108/16310869.jpg?type=m1&udate=Tue Apr 14 00:49:05 KST 2020,http://book.naver.com/search/search.nhn?query=%EB%A7%88%EC%85%B0%EB%A6%AC&frameFilterType=1&frameFilterValue=3516479, 마셰리,디앤씨미디어,"“사랑해요. 당신만을 영원히.”
“영원히 너의 남자로 살게.”

영원한 사랑을 맹세하고 백여 년 뒤.
두 사람이 꿈꾸던 세상과는 많은 것이 달라진 시대에 환생한 
클로이와 알렌은 과거의 맹세가 무색하게 서로를 알아보지 못한다.
하지만 어쩐지 서로가 신경 쓰이는 두 사람.

“클로이, 나와 결혼해 주겠느냐?”

그러던 중 알렌의 친구 밀런이 정략결혼을 피하기 위해 
클로이에게 청혼하는데……."
프라임 상,"11,700원(-10%)",https://bookthumb-phinf.pstatic.net/cover/163/140/16314075.jpg?type=m1&udate=Tue Apr 14 00:49:05 KST 2020,http://book.naver.com/search/search.nhn?query=%EA%B9%80%EB%8F%99%EC%A7%84&frameFilterType=1&frameFilterValue=11775, 김동진,지식과감성,
스켈레톤 마스터 21/완결,"7,200원(-10%)",https://bookthumb-phinf.pstatic.net/cover/163/181/16318118.jpg?type=m1&udate=Tue Apr 14 00:49:05 KST 2020,http://book.naver.com/search/search.nhn?query=%EB%8D%94%ED%8E%98%EC%9D%B4%EC%84%9C&frameFilterType=1&frameFilterValue=2304123, 더페이서,위시북스,
디미트리오스의 가면(열린책들 세계문학 248)(양장본 HardCover),"12,420원(-10%)",https://bookthumb-phinf.pstatic.net/cover/163/108/16310887.jpg?type=m1&udate=Tue Apr 14 00:49:05 KST 2020,http://book.naver.com/search/search.nhn?query=%EC%97%90%EB%A6%AD+%EC%95%B0%EB%B8%94%EB%9F%AC&frameFilterType=1&frameFilterValue=6000095560, 에릭 앰블러,열린책들,"『디미트리오스의 가면』은 앰블러의 대표작이자 〈스파이 소설의 최고 걸작〉이라 불리는 작품이다. 영국의 추리 소설가인 주인공 래티머가 어느 날 터키에서 시체로 발견된 악명 높은 국제적 범죄자이자 스파이 디미트리오스라는 인물에게 흥미를 갖게 되고, 유럽 곳곳을 오가며 그의 현란한 범죄 인생을 추적하면서 벌어지는 이야기를 담고 있다. 정체를 숨긴 채 유럽 각국의 온갖 범죄에 관여해 온 수수께끼의 악당 디미트리오스의 발자취를 따라가며, 서서히 드러나는 놀라운 사실들, 반전과 서스펜스를 거듭하는 이야기를 통해, 자본주의 사회의 이면에 드리운"
정령왕 엘퀴네스 16,"13,500원(-10%)",https://bookthumb-phinf.pstatic.net/cover/163/252/16325265.jpg?type=m1&udate=Tue Apr 14 00:49:05 KST 2020,http://book.naver.com/search/search.nhn?query=%EC%9D%B4%ED%99%98&frameFilterType=1&frameFilterValue=5000023483, 이환,드림북스,
녹정기 세트(특별 한정판)(전12권),"151,200원(-10%)",https://bookthumb-phinf.pstatic.net/cover/162/614/16261433.jpg?type=m1&udate=Tue Apr 14 00:49:05 KST 2020,http://book.naver.com/search/search.nhn?query=%EA%B9%80%EC%9A%A9&frameFilterType=1&frameFilterValue=5000004030, 김용,중원문화,"김용이 쓴 마지막 소설!
이 소설의 가장 큰 매력은 위소보라는 독특한 주인공에게 있다. 위소보는 탐욕스럽고 게으르며 여색을 밝힐 뿐만 아니라 무공 수준까지 낮다. 또 하나 엽기적 섹스장면을 다룬 역사 소설이라는 점이다. 주인공 위소보에게 맞으면 성적 흥분을 느끼는 건녕공주가 나오는데, 즉 새디즘(SADISM)이 화재가 되는 소설로 책의 내용을 더욱 흥미롭게 하고 있다. 김용 문학의 최고 걸작으로 평가 받으나 정통 무협 작품은 아니다. 일단 주인공이 무림의 고수가 아닐 뿐더러 정의롭지도 않은 안티 히어로에 가깝기 때문이다. 그"
망자들,"11,700원(-10%)",https://bookthumb-phinf.pstatic.net/cover/163/109/16310965.jpg?type=m1&udate=Tue Apr 14 00:49:05 KST 2020,http://book.naver.com/search/search.nhn?query=%ED%81%AC%EB%A6%AC%EC%8A%A4%ED%8B%B0%EC%95%88+%ED%81%AC%EB%9D%BC%ED%9D%90%ED%8A%B8+%EC%A0%80&frameFilterType=1&frameFilterValue=4663162, 크리스티안 크라흐트 저,을유문화사,"헤르만 헤세 문학상, 스위스 도서상 수상작세계가 주목하는 작가 크리스티안 크라흐트의 최신작 국내 초역『망자들』은 크리스티안 크라흐트의 예술적 상상력이 돋보이는 작품으로, 여러 의미에서 이미 죽은 적이 있는 자, 즉 ‘망자들’의 여정을 기묘하고 환상적으로 그려낸 소설이다. 크라흐트는 1930년대 파시즘이 맹위를 떨치던 시절, 독일과 일본을 오가는 주인공들의 삶을 실제 역사적 사실을 바탕으로 재구성한 무대 위에 신선하게 펼쳐 보이며 앞을 내다볼 수 없는 특별한 세계 속으"
시간과 장의사,"16,920원(-10%)",https://bookthumb-phinf.pstatic.net/cover/162/982/16298280.jpg?type=m1&udate=Tue Apr 14 00:49:05 KST 2020,http://book.naver.com/search/search.nhn?query=%EC%9D%B4%EB%AC%B5%EB%8F%8C&frameFilterType=1&frameFilterValue=4525843, 이묵돌,냉수,"20대의 열광적인 지지를 받고 있는 작가 이묵돌의 첫 소설집
여행 에세이 〈역마〉로 새로운 글쟁이로 자리잡은 이묵돌이 페이스북 페이지/인스타그램 “이묵돌”에서 2018년 10월부터 2019년 10월까지 써 온 단편을 모은『시간과 장의사』. 76편의 단편을 비롯해 이 단편집에서 최초 공개하는 3편의 단편을 수록했다.
다양한 소재의 단편들이 향하는 주된 정서는 바로 ‘상실’이다. 죽음이나 이별과 같은 물리적 사건뿐 아니라 가난이나 계층의 단절 같은 심리적 요소들 역시 상실을 낳게 하는 주된 원인이 됨을 드러낸다. 이런 상실에 관한 글들"
까칠한 재석이가 결심했다 (특별보급판),"8,820원(-10%)",https://bookthumb-phinf.pstatic.net/cover/162/985/16298576.jpg?type=m1&udate=Tue Apr 14 00:49:05 KST 2020,http://book.naver.com/search/search.nhn?query=%EA%B3%A0%EC%A0%95%EC%9A%B1&frameFilterType=1&frameFilterValue=5000000845, 고정욱,애플북스,"심각한 게임중독과의 한판 승부!
까칠한 재석이가 게임에 빠진 친구를 위해 다시 한 번 결심했다!청소년들 사이에서 폭발적으로 인기를 끈 ‘까칠한 재석이’ 시리즈의 여섯 번째 이야기, 《까칠한 재석이가 결심했다》(애플북스)가 무선제본으로 제작되었다. 무선제본 까칠한 재석이 시리즈는 그동안 재석이 캐릭터를 사랑해주신 감사의 마음을 담아 고정욱 작가님과 출판사가 함께 기획하였다. 착한 가격으로 책의 정가를 낮추고 손에 잡기 편안한 판형 크기로 조정해 독자들에게 손에 꼭 쥐고 다닐 수 있는 친구 같은 책이 되고자 하였다"
흙색을 닮아 간다,"11,700원(-10%)",https://bookthumb-phinf.pstatic.net/cover/163/114/16311403.jpg?type=m1&udate=Tue Apr 14 00:49:05 KST 2020,http://book.naver.com/search/search.nhn?query=%EB%B0%95%EC%A2%85%EC%82%BC&frameFilterType=1&frameFilterValue=85108, 박종삼,지식과감성,"흙색이란 가장 자연스러운 색이다.
그리고 누구나 결국 그 색으로 변하게 되어 있다.
이것은 곧 마음 상태를 뜻하는 것이다. 
화려한 색보다는 흙색이 사람들에게 평온과 안정을 주기 때문이다."
다시 읽는 어린왕자,없음,https://bookthumb-phinf.pstatic.net/cover/162/805/16280591.jpg?type=m1&udate=Tue Apr 14 00:49:05 KST 2020,http://book.naver.com/search/search.nhn?query=%EC%95%99%ED%88%AC%EC%95%88+%EB%93%9C+%EC%83%9D%ED%85%8D%EC%A5%90%ED%8E%98%EB%A6%AC&frameFilterType=1&frameFilterValue=603429, 앙투안 드 생텍쥐페리,투나미스,"새로운 그림
새로운 번역
새로운 구성
생텍쥐페리의 어린왕자, 새로운 글과 그림 및 구성으로 재편했다. 챕터의 구분을 없애고 4B 연필로 삽화를 다시 그려넣었다. 어린왕자의 스토리를 끊임없이 체감할 수 있도록 편집했다."
그립스홀름 성(부클래식 81),"9,000원(-10%)",https://bookthumb-phinf.pstatic.net/cover/163/000/16300041.jpg?type=m1&udate=Tue Apr 14 00:49:05 KST 2020,http://book.naver.com/search/search.nhn?query=%EC%BF%A0%EB%A5%B4%ED%8A%B8+%ED%88%AC%ED%99%80%EC%8A%A4%ED%82%A4&frameFilterType=1&frameFilterValue=4660444, 쿠르트 투홀스키,부북스,"『그립스홀름 성. 짧은 여름이야기』(1931)는 그의 몇 안 되는 소설 중의 하나이다. 작가가 출판사 사장 로볼트에게 보내는 편지로 시작하여 마치 작가의 실제 이야기처럼 보이는 이 작품이 발표되자 평론가들은 이 작품 속의 유머와 경쾌함을 칭찬했고, 투홀스키 본인은 “손가락 연습”이었다고 표현하며 쉽게 쓴 소설임을 강조했다.페터로 불리는 주인공과 공주라는 별명을 가진 그의 여자 친구 뤼디아의 5주간의 휴가 이야기, 그야말로 ‘짧은 여름이야기’인 이 소설은, 작가가 쉽게 썼다고 강조한 것처럼 독자도"
눈물은 어떻게 존재하는가,"12,600원(-10%)",https://bookthumb-phinf.pstatic.net/cover/163/199/16319905.jpg?type=m1&udate=Tue Apr 14 00:49:05 KST 2020,http://book.naver.com/search/search.nhn?query=%EB%AC%B8%EC%84%9C%EC%A0%95&frameFilterType=1&frameFilterValue=3332771, 문서정,강,"2015년 『불교신문』에 단편소설 「밤의 소리」가 당선되어 작품 활동을 시작한 문서정의 첫번째 소설집. 『눈물은 어떻게 존재하는가』는 ‘버려짐’이라는 삶의 비극을 이해하려는 안간힘이자, 그 안에서 작동하는 인간 욕망의 복잡성을 정면으로 응시하려는 소설적 성찰의 이야기이다. 문서정의 소설 속에는 남겨지고 버려진 인물들이 있다. 그런데 이들은 온갖 상처와 오명에도 불구하고 내일을 살아가는 방법을 모색한다. 문서정은 그렇게 ‘버려짐’이 비극의 드라마로 고착되지 않고 생존의 기술로 전복되며, 새로운 가능성의 공간으로 열릴 수 있는 지점을"
무정,"13,050원(-10%)",https://bookthumb-phinf.pstatic.net/cover/163/012/16301219.jpg?type=m1&udate=Tue Apr 14 00:49:05 KST 2020,http://book.naver.com/search/search.nhn?query=%EC%9D%B4%EA%B4%91%EC%88%98&frameFilterType=1&frameFilterValue=5000013043, 이광수,서연비람,"우리나라 최초의 현대 장편 소설, 또 하나의 정본을 만들다.춘원 이광수의 『무정』은 1917년 〈매일신보〉에 연재된 우리나라 최초의 현대 소설이다. 그동안 수정 보완한 판본들이 여러 차례 나왔으나 어느 것이 정본이냐고 물으면 대답은 간단하지 않다. 연재가 끝난 이듬해 1918년 『무정』은 육당 최남선이 경영하는 〈신문관〉에서 곧 단행본으로 출간된다. 연재하는 동안 스스로 보완할 부분들을 모아 두었다가 이참에 첨삭 가필하였을 것이 당연하다. 후학들의 『무정』 판본 연구도 자연스레 이때부터 시작되었다. 1917년 처음 쓴"
티끌 같은 나,"13,050원(-10%)",https://bookthumb-phinf.pstatic.net/cover/163/121/16312109.jpg?type=m1&udate=Tue Apr 14 00:49:05 KST 2020,http://book.naver.com/search/search.nhn?query=%EB%B9%85%ED%86%A0%EB%A6%AC%EC%95%84+%ED%86%A0%EC%B9%B4%EB%A0%88%EB%B0%94&frameFilterType=1&frameFilterValue=4663323, 빅토리아 토카레바,잔,"1987년 존경징표훈장 · 제53회 칸영화제 공로상 수상
시대를 앞선 페미니스트(PRE-FEMINIST)
러시아 현대문학의 거장 빅토리아 토카레바 중단편 선집《티끌 같은 나》는 현존하는 러시아 최고의 베스트셀러 작가로 꼽히는 빅토리아 토카레바의 중단편 선집이다. 표제작 〈티끌 같은 나〉부터 〈이유〉 〈첫 번째 시도〉 〈남이 우리랑 무슨 상관이죠〉 〈어느 한가한 저녁〉까지 다섯 편으로 구성되어 있다.
다섯 편 모두 자신의 방식으로 미래를 꿈꾸는 평범한 여성이 주인공인데, 우리에게 익숙한 러시아 고전"
페스트(영어판),없음,https://bookthumb-phinf.pstatic.net/cover/162/921/16292180.jpg?type=m1&udate=Tue Apr 14 00:49:05 KST 2020,http://book.naver.com/search/search.nhn?query=%EC%95%8C%EB%B2%A0%EB%A5%B4+%EC%B9%B4%EB%AE%88&frameFilterType=1&frameFilterValue=6000002625, 알베르 카뮈,투나미스,"The Nobel prize-winning Albert Camus, who died in 1960, could not have known how grimly current his existentialist novel of epidemic and death would remain. Set in Algeria, in northern Africa, The Plague is a powerful study of human life and its meaning in the face of a deadly virus that sweeps disp"
비웃는 숙녀,"14,400원(-10%)",https://bookthumb-phinf.pstatic.net/cover/163/025/16302506.jpg?type=m1&udate=Tue Apr 14 00:49:05 KST 2020,http://book.naver.com/search/search.nhn?query=%EB%82%98%EC%B9%B4%EC%95%BC%EB%A7%88+%EC%8B%9C%EC%B9%98%EB%A6%AC+%EC%A0%80&frameFilterType=1&frameFilterValue=4045999, 나카야마 시치리 저,블루홀6,"반전의 제왕 나카야마 시치리
역대 최강, 최악의 악녀 등장!
비웃는 숙녀 시리즈1
2009년 제8회 ‘이 미스터리가 대단해!’ 대상 수상작 『안녕, 드뷔시』의 작가 나카야마 시치리의 『비웃는 숙녀』가 블루홀식스에서 출간되었다. 음악 미스터리, 법의학 미스터리, 코지 단편 미스터리 등 다양한 작품을 선보이던 그가 이번에는 ‘이야미스(인간의 어두운 심리를 주요 소재로 삼는 일본 추리소설의 한 장르)’에 도전한다.
 그간 블루홀식스는 나카야마 시치리의 음악 미스터리 『안녕, 드뷔시』, 『잘 자요, 라흐마니노프』(미사키 요스케 시리즈),"
루쉰 독본,"16,200원(-10%)",https://bookthumb-phinf.pstatic.net/cover/163/140/16314056.jpg?type=m1&udate=Tue Apr 14 00:49:05 KST 2020,http://book.naver.com/search/search.nhn?query=%EB%A3%A8%EC%89%B0&frameFilterType=1&frameFilterValue=6000000926, 루쉰,휴머니스트,"“무엇을 사랑하든 독사처럼 칭칭 감겨들라!”
언제나 세상과 정면으로 승부했던 문학인 루쉰
그의 칼날 같은 문장을 새로운 구성과 번역으로 만나다근대 중국 최고의 문학가 루쉰의 대표적인 소설과 산문을 루쉰 전문연구자 이욱연 교수가 우리 시대에 절실한 질문에 따라 새롭게 옮기고 엮었다. 중국 최초의 근대소설 〈광인일기〉와 ‘정신 승리법’의 대가를 다룬 소설 〈아Q정전〉부터 기성세대가 제 역할을 다할 것을 요청한 〈우리는 지금 어떻게 아버지 노릇을 할 것인가〉와 어설픈 관용이 사회악을 키운다고 일갈한 〈‘페어플"
악녀 카루나가 작아졌어요 3,"10,800원(-10%)",https://bookthumb-phinf.pstatic.net/cover/163/108/16310858.jpg?type=m1&udate=Tue Apr 14 00:49:05 KST 2020,http://book.naver.com/search/search.nhn?query=%EB%AC%B8%EC%9D%B4%EA%B2%BD&frameFilterType=1&frameFilterValue=4655441, 문이경,동아,
유혹. 6,"13,500원(-10%)",https://bookthumb-phinf.pstatic.net/cover/163/108/16310838.jpg?type=m1&udate=Tue Apr 14 00:49:05 KST 2020,http://book.naver.com/search/search.nhn?query=%EC%A0%84%EC%A4%80%EC%83%81&frameFilterType=1&frameFilterValue=58474, 전준상,자수정출판사,"1. 김지현의 황금기
2. 송서희의 가슴앓이
3. 민들레와 연인사이
4. 여명처녀의 유혹
5. 미망인 진달래
6. 첫사랑같은 지숙과의 만남
7. 귀인을 만나다
8. 핫나경은 뒤웅박 효과다
부록 - 마 카 -
부록 - 코골이 마스크 -"
